Year,Name,Position,College,Rating
2024,Jalen Davis,Edge,Air Force Falcons,NA
2024,Jack Brumbelow,TE,Air Force Falcons,NA
2024,Brayden Roggow,QB,Akron Zips,0.8230
2024,Rodrick Hunter,S,Akron Zips,0.8204
2024,Jarvis Rush,WR,Akron Zips,0.8137
2024,Justin Anderson,CB,Akron Zips,0.8133
2024,Iesa Jarmon,S,Akron Zips,0.8133
2024,Justin Campbell,WR,Akron Zips,0.7733
2024,Kolton Nero,RB,Alabama A&M Bulldogs,NA
2024,Dequadrion Welch,WR,Alabama A&M Bulldogs,NA
2024,Julian Sayin,QB,Alabama Crimson Tide,0.9966
2024,Jaylen Mbakwe,CB,Alabama Crimson Tide,0.9943
2024,Zavier Mincey,S,Alabama Crimson Tide,0.9876
2024,Zabien Brown,CB,Alabama Crimson Tide,0.9864
2024,Caleb Odom,TE,Alabama Crimson Tide,0.9753
2024,Casey Poe,IOL,Alabama Crimson Tide,0.9618
2024,Jeremiah Beaman,DL,Alabama Crimson Tide,0.9592
2024,Peyton Woodyard,S,Alabama Crimson Tide,0.9476
2024,Daniel Hill,ATH,Alabama Crimson Tide,0.9348
2024,Jameer Grimsley,WR,Alabama Crimson Tide,0.9296
2024,Jayshawn Ross,Edge,Alabama Crimson Tide,0.9283
2024,Sterling Dixon,Edge,Alabama Crimson Tide,0.9213
2024,Bubba Hampton,WR,Alabama Crimson Tide,0.9169
2024,Cayden Jones,LB,Alabama Crimson Tide,0.9099
2024,Red Morgan,S,Alabama Crimson Tide,0.9075
2024,William Sanders,IOL,Alabama Crimson Tide,0.9053
2024,Isaia Faga,DL,Alabama Crimson Tide,0.8879
2024,Justin Okoronkwo,LB,Alabama Crimson Tide,0.8878
2024,Joseph Ionata,IOL,Alabama Crimson Tide,0.8844
2024,Dre Kirkpatrick Jr.,CB,Alabama Crimson Tide,0.8719
2024,Desjon Robertson,DL,Alabama State Hornets,NA
2024,Zach Sims,QB,Alabama State Hornets,NA
2024,Elijah Walker,IOL,Alabama State Hornets,0.8419
2024,Van Weber,QB,Albany Great Danes,NA
2024,Christopher Martin,QB,Alcorn State Braves,NA
2024,Benndy Ambroise,IOL,Alcorn State Braves,NA
2024,Jackson Bussey,Edge,Appalachian State Mountaineers,0.8539
2024,Felix Doege,IOL,Appalachian State Mountaineers,0.8337
2024,Trey Lenhardt,S,Appalachian State Mountaineers,0.8286
2024,Kaleb Neal,S,Appalachian State Mountaineers,0.8278
2024,Matthew Wilson,QB,Appalachian State Mountaineers,0.8244
2024,Dylan Barbrey,OT,Appalachian State Mountaineers,0.8237
2024,JT Sowell,IOL,Appalachian State Mountaineers,0.8204
2024,Kai Fernandes,ATH,Appalachian State Mountaineers,0.8170
2024,Jack Kelly,TE,Appalachian State Mountaineers,0.8139
2024,Jason Brown,RB,Arizona State Sun Devils,0.9076
2024,Chris Johnson Jr.,CB,Arizona State Sun Devils,0.8836
2024,Zechariah Sample,ATH,Arizona State Sun Devils,0.8836
2024,Tony-Louis Nkuba,CB,Arizona State Sun Devils,0.8833
2024,Rodney Bimage,CB,Arizona State Sun Devils,0.8811
2024,Jayden Fortier,TE,Arizona State Sun Devils,0.8806
2024,Kyan McDonald,S,Arizona State Sun Devils,0.8764
2024,Filiva'a Saluni,IOL,Arizona State Sun Devils,0.8658
2024,Albert Smith,LB,Arizona State Sun Devils,0.8647
2024,Plas Johnson,WR,Arizona State Sun Devils,0.8644
2024,Semisi Tonga,IOL,Arizona State Sun Devils,0.8589
2024,Terrell Kim,IOL,Arizona State Sun Devils,0.8578
2024,Champ Westbrooks,IOL,Arizona State Sun Devils,0.8575
2024,Martell Hughes,S,Arizona State Sun Devils,0.8550
2024,Ramar Williams,DL,Arizona State Sun Devils,0.8542
2024,Salesi Manu,Edge,Arizona State Sun Devils,0.8517
2024,James Giggey,DL,Arizona State Sun Devils,0.8428
2024,Kanyon Floyd,P,Arizona State Sun Devils,0.8267
2024,Cyrus Durham,LB,Arizona Wildcats,NA
2024,Johno Price,CB,Arizona Wildcats,NA
2024,Demond Williams Jr.,QB,Arizona Wildcats,0.9208
2024,Jordan Washington,RB,Arizona Wildcats,0.9016
2024,Dylan Tapley,TE,Arizona Wildcats,0.8858
2024,Brandon Phelps,WR,Arizona Wildcats,0.8589
2024,Adam Mohammed,RB,Arizona Wildcats,0.8539
2024,Michael Watkins,IOL,Arizona Wildcats,0.8519
2024,Matthew Lado,OT,Arizona Wildcats,0.8469
2024,Charlie Collins,DL,Arkansas Razorbacks,0.9582
2024,Selman Bridges,CB,Arkansas Razorbacks,0.9396
2024,Kavion Henderson,DL,Arkansas Razorbacks,0.9052
2024,Braylen Russell,RB,Arkansas Razorbacks,0.9004
2024,KJ Jackson,QB,Arkansas Razorbacks,0.8917
2024,JuJu Pope,ATH,Arkansas Razorbacks,0.8908
2024,Justin Logan,LB,Arkansas Razorbacks,0.8836
2024,CJ Brown,ATH,Arkansas Razorbacks,0.8756
2024,Ahkhari Johnson,CB,Arkansas Razorbacks,0.8753
2024,Zuri Madison,IOL,Arkansas Razorbacks,0.8747
2024,Tevis Metcalf,ATH,Arkansas Razorbacks,0.8736
2024,Jaden Allen,CB,Arkansas Razorbacks,0.8736
2024,Kobe Branham,IOL,Arkansas Razorbacks,0.8656
2024,Josh Flowers,QB,Arkansas State Red Wolves,0.8778
2024,Jaylen Boardley,LB,Arkansas State Red Wolves,0.8719
2024,Drew Collins,Edge,Arkansas State Red Wolves,0.8306
2024,Josh Stone,S,Arkansas State Red Wolves,0.8204
2024,Luke Knight,QB,Army Black Knights,NA
2024,Cam Coleman,WR,Auburn Tigers,0.9985
2024,Amaris Williams,Edge,Auburn Tigers,0.9706
2024,Demarcus Riddick,ATH,Auburn Tigers,0.9699
2024,Jamonta Waller,Edge,Auburn Tigers,0.9532
2024,Walker White,QB,Auburn Tigers,0.9497
2024,Joe Phillips,LB,Auburn Tigers,0.9405
2024,Bryce Cain,WR,Auburn Tigers,0.9238
2024,Jay Crawford,CB,Auburn Tigers,0.9147
2024,TJ Lindsey,Edge,Auburn Tigers,0.9043
2024,Malik Blocton,DL,Auburn Tigers,0.8933
2024,Kensley Louidor-Faustin,S,Auburn Tigers,0.8917
2024,Laquan Robinson,S,Auburn Tigers,0.8853
2024,DJ Barber,LB,Auburn Tigers,0.8850
2024,Kaleb Harris,S,Auburn Tigers,0.8794
2024,Favour Edwin,OT,Auburn Tigers,0.8778
2024,Seth Wilfred,OT,Auburn Tigers,0.8672
2024,Zach Bandy,OT,Ball State Cardinals,0.8278
2024,L'Cier Luter,DL,Ball State Cardinals,0.8083
2024,Ty Curran,ATH,Ball State Cardinals,0.8070
2024,Jamarion McDougle,WR,Ball State Cardinals,0.8044
2024,Tonga Lolohea,DL,Baylor Bears,0.8800
2024,Jadon Porter,ATH,Baylor Bears,0.8794
2024,Kris Wokomah,S,Baylor Bears,0.8769
2024,Brock Jackson,Edge,Baylor Bears,0.8711
2024,Kyland Reed,LB,Baylor Bears,0.8703
2024,Tristan Santoro,OT,Baylor Bears,0.8642
2024,Keaton Thomas,LB,Baylor Bears,0.8558
2024,Koltin Sieracki,IOL,Baylor Bears,0.8550
2024,Nate Bennett,QB,Baylor Bears,0.8450
2024,Surafel Seyfu,IOL,Bethune-Cookman Wildcats,NA
2024,Teko Shoats,IOL,Bethune-Cookman Wildcats,NA
2024,Nahseem Deas,QB,Bethune-Cookman Wildcats,NA
2024,Melvin Puckett,IOL,Bethune-Cookman Wildcats,NA
2024,Kevin Washington,LB,Bethune-Cookman Wildcats,NA
2024,Dairo Melendez,DL,Bethune-Cookman Wildcats,NA
2024,Isaiah Maumalanga,IOL,Bethune-Cookman Wildcats,NA
2024,Jayden Cummings,S,Bethune-Cookman Wildcats,NA
2024,Jaylen Booker,IOL,Bethune-Cookman Wildcats,NA
2024,Javon Ross,ATH,Bethune-Cookman Wildcats,NA
2024,Verron Clarke,IOL,Bethune-Cookman Wildcats,NA
2024,Truth Moody,OT,Bethune-Cookman Wildcats,NA
2024,Dennis Palmer,RB,Bethune-Cookman Wildcats,NA
2024,Gabriel Cash,CB,Bethune-Cookman Wildcats,NA
2024,Cornelious Bass,LB,Bethune-Cookman Wildcats,NA
2024,William Roberts,IOL,Bethune-Cookman Wildcats,0.8463
2024,Matthew McKenzie,CB,Bethune-Cookman Wildcats,0.8450
2024,Kenny Jackson,ATH,Bethune-Cookman Wildcats,0.8350
2024,Chris Marshall,WR,Boise State Broncos,0.8989
2024,Sire Gaines,ATH,Boise State Broncos,0.8731
2024,Clay Martineau,LB,Boise State Broncos,0.8683
2024,Treyvon Tolmaire,CB,Boise State Broncos,0.8608
2024,Joseph Marsh,Edge,Boise State Broncos,0.8456
2024,Roman Caywood,ATH,Boise State Broncos,0.8419
2024,Kaden Anderson,TE,Boise State Broncos,0.8403
2024,Trevor McKenna,DL,Boise State Broncos,0.8344
2024,Lopez Sanusi,DL,Boise State Broncos,0.8156
2024,Udoka Ezeani,LB,Boise State Broncos,0.7983
2024,Jadon Lafontant,IOL,Boston College Eagles,0.8572
2024,Pape Sy,OT,Boston College Eagles,0.8503
2024,Martreece Dillard,DL,Bowling Green Falcons,0.8547
2024,Dorian Pringle,LB,Bowling Green Falcons,0.8237
2024,TJ Nelson,S,Bowling Green Falcons,0.8170
2024,Kal-El Pascal,S,Bowling Green Falcons,0.8156
2024,Ryner Swanson,TE,Brigham Young Cougars,0.9125
2024,Danny Saili,DL,Brigham Young Cougars,0.8812
2024,Therrian Alexander III,CB,Brigham Young Cougars,0.8664
2024,Ephraim Asiata,LB,Brigham Young Cougars,0.8614
2024,Noah Lugo,QB,Brigham Young Cougars,0.8550
2024,Dallin Johnson,OT,Brigham Young Cougars,0.8492
2024,Tommy Prassas,S,Brigham Young Cougars,0.8386
2024,DJ Toliver,IOL,Brown Bears,0.8614
2024,John Lee Honorat,ATH,Bryant Bulldogs,NA
2024,Shae Terry,CB,Bryant Bulldogs,0.8600
2024,Herschel Johal,OT,Bucknell Bison,NA
2024,Jacari Bennett,LB,Buffalo Bulls,NA
2024,Xavier Leonard,LB,Buffalo Bulls,0.8163
2024,Luke Yau Gayle,DL,Buffalo Bulls,0.8096
2024,Jackson Bellamy,OT,Buffalo Bulls,0.8096
2024,Chayce Chadwick,IOL,Buffalo Bulls,0.8006
2024,Matthew Glen,IOL,Buffalo Bulls,0.8006
2024,Ramari Taylor,CB,Buffalo Bulls,0.7683
2024,Calvin Moore,CB,Cal Poly Mustangs,NA
2024,JT Houston,Edge,Cal Poly Mustangs,NA
2024,Bain Eiseman,WR,Cal Poly Mustangs,NA
2024,Devin Cerda,ATH,Cal Poly Mustangs,NA
2024,Alek Marshall,TE,Cal Poly Mustangs,NA
2024,Trevor Newkirk,OT,Cal Poly Mustangs,NA
2024,Drew Harrigan,RB,Cal Poly Mustangs,NA
2024,Aiden Hall,WR,Cal Poly Mustangs,NA
2024,Jake Vorhees,Edge,Cal Poly Mustangs,NA
2024,Kamani Fifita,IOL,Cal Poly Mustangs,NA
2024,Malachi Brown,RB,Cal Poly Mustangs,NA
2024,Trey Wilson,RB,Cal Poly Mustangs,NA
2024,Josiah Lamarque,WR,Cal Poly Mustangs,NA
2024,Justus Woods,ATH,Cal Poly Mustangs,0.8550
2024,BJ Canady,ATH,California Golden Bears,0.8803
2024,Ja'ir Smith,S,California Golden Bears,0.8772
2024,Josiah Martin,WR,California Golden Bears,0.8761
2024,Dayday Aupiu,ATH,California Golden Bears,0.8731
2024,Eze Osondu,Edge,California Golden Bears,0.8614
2024,Luke Ferrelli,LB,California Golden Bears,0.8533
2024,Isaiah Crosby,S,California Golden Bears,0.8508
2024,Tyler Knape,OT,California Golden Bears,0.8483
2024,Ashton Allman,OT,Campbell Fighting Camels,NA
2024,Kado Felder,LB,Campbell Fighting Camels,NA
2024,Donavan Philord,CB,Campbell Fighting Camels,0.8597
2024,Bryan Wilson,QB,Campbell Fighting Camels,0.8485
2024,Semaj Jackson,S,Campbell Fighting Camels,0.8217
2024,Jack Patterson,QB,Central Arkansas Bears,NA
2024,Marquel Hambric,CB,Central Arkansas Bears,NA
2024,Vinny Winters,IOL,Central Arkansas Bears,0.8511
2024,Carmilo Allen,DL,Central Arkansas Bears,0.8437
2024,Elijah Jackson,ATH,Central Arkansas Bears,0.8411
2024,Kealen Juniel,TE,Central Arkansas Bears,0.8206
2024,Bryce Rowe,CB,Central Michigan Chippewas,0.8517
2024,Brock Townsend,RB,Central Michigan Chippewas,0.8330
2024,Jadyn Glasser,QB,Central Michigan Chippewas,0.8230
2024,Jaion Jackson,CB,Central Michigan Chippewas,0.8104
2024,Xavier White,LB,Central Michigan Chippewas,0.7983
2024,Pius Odjugo,DL,Central Michigan Chippewas,0.7833
2024,Knai Cook,S,Charleston Southern Buccaneers,NA
2024,DeQuinder Williams,CB,Charlotte 49ers,NA
2024,Evan Austin,ATH,Charlotte 49ers,0.8600
2024,Miles Burris,WR,Charlotte 49ers,0.8525
2024,DeShawn Purdie,QB,Charlotte 49ers,0.8511
2024,Isaiah Myers,WR,Charlotte 49ers,0.8494
2024,Cornell Allen,S,Charlotte 49ers,0.8369
2024,Cary Grant,CB,Charlotte 49ers,0.8294
2024,Umar Rockhead,Edge,Charlotte 49ers,0.8270
2024,Dom Silvia,OT,Charlotte 49ers,0.8104
2024,Joshua Williams,WR,Chattanooga Mocs,NA
2024,CJ Smith,DL,Chattanooga Mocs,NA
2024,Leroy Harris III,LB,Chattanooga Mocs,NA
2024,Samaj Jones,QB,Cincinnati Bearcats,0.8906
2024,Gavin Grover,TE,Cincinnati Bearcats,0.8764
2024,Kale Woodburn,WR,Cincinnati Bearcats,0.8731
2024,Willie Goodwyn,ATH,Cincinnati Bearcats,0.8697
2024,Jake Wheelock,IOL,Cincinnati Bearcats,0.8667
2024,Simeon Coleman,LB,Cincinnati Bearcats,0.8636
2024,Dakarai Anderson,WR,Cincinnati Bearcats,0.8633
2024,Devyn Zahursky,TE,Cincinnati Bearcats,0.8583
2024,Jiquan Sanks,CB,Cincinnati Bearcats,0.8567
2024,Zaravion Johnson,S,Cincinnati Bearcats,0.8542
2024,TJ Moore,WR,Clemson Tigers,0.9887
2024,Bryant Wesco,WR,Clemson Tigers,0.9782
2024,Christian Bentancur,TE,Clemson Tigers,0.9640
2024,Darien Mayo,Edge,Clemson Tigers,0.9285
2024,Elyjah Thurmon,IOL,Clemson Tigers,0.9214
2024,Noah Dixon,S,Clemson Tigers,0.9083
2024,Hevin Brown-Shuler,DL,Clemson Tigers,0.9065
2024,David Eziomume,ATH,Clemson Tigers,0.9025
2024,Champ Thompson,DL,Clemson Tigers,0.8900
2024,Ashton Hampton,ATH,Clemson Tigers,0.8817
2024,Mason Wade,OT,Clemson Tigers,0.8753
2024,Drew Woodaz,LB,Clemson Tigers,0.8622
2024,CJ Kubah-Taylor,LB,Clemson Tigers,0.8567
2024,Jayden Bryant,Edge,Coastal Carolina Chanticleers,NA
2024,Gavin McLaughlin,OT,Coastal Carolina Chanticleers,NA
2024,Geajorm Akpaloo,LB,Coastal Carolina Chanticleers,NA
2024,Keenan Hatcher,DL,Coastal Carolina Chanticleers,NA
2024,Se'Von McDowell,LB,Coastal Carolina Chanticleers,NA
2024,TrayVaughn Swanigan,DL,Coastal Carolina Chanticleers,NA
2024,Cohen Fuller,DL,Coastal Carolina Chanticleers,NA
2024,Tray Taylor,WR,Coastal Carolina Chanticleers,0.8711
2024,D'Marius Rucker,RB,Coastal Carolina Chanticleers,0.8678
2024,Julius Tate,IOL,Coastal Carolina Chanticleers,0.8631
2024,DJ Moore,QB,Coastal Carolina Chanticleers,0.8597
2024,Xakery Wiedner,ATH,Coastal Carolina Chanticleers,0.8585
2024,Zach Cody,CB,Coastal Carolina Chanticleers,0.8581
2024,Deondre Shepherd,CB,Coastal Carolina Chanticleers,0.8450
2024,Daniel Jones,OT,Coastal Carolina Chanticleers,0.8417
2024,Jacob Katauskas,IOL,Coastal Carolina Chanticleers,0.8411
2024,Myles Woods,ATH,Coastal Carolina Chanticleers,0.8406
2024,Elijah Lee,ATH,Coastal Carolina Chanticleers,0.8383
2024,Jalen Harris,WR,Coastal Carolina Chanticleers,0.8328
2024,Chase Jackson,S,Coastal Carolina Chanticleers,0.8308
2024,Logan Brasfield,IOL,Coastal Carolina Chanticleers,0.8236
2024,Xavier McIntyre,S,Coastal Carolina Chanticleers,0.8228
2024,Jaitlin Hampton,S,Coastal Carolina Chanticleers,0.8122
2024,Zack Zandier,TE,Coastal Carolina Chanticleers,0.7783
2024,Michael Balogh,TE,Colgate Raiders,0.8370
2024,Jordan Seaton,IOL,Colorado Buffaloes,0.9934
2024,Brandon Davis-Swain,DL,Colorado Buffaloes,0.9148
2024,Eric Brantley Jr.,DL,Colorado Buffaloes,0.8822
2024,Micah Welch,RB,Colorado Buffaloes,0.8744
2024,Landon Bell,ATH,Colorado State Rams,0.8744
2024,Jaden Landrum,ATH,Colorado State Rams,0.8517
2024,Chauncey Davis,CB,Colorado State Rams,0.8269
2024,Hutch Crow,WR,Columbia Lions,NA
2024,Miron Magee,CB,Columbia Lions,NA
2024,Caleb Solomon,S,Columbia Lions,NA
2024,Benjamin Bruce,ATH,Columbia Lions,NA
2024,Caleb Sanchez,QB,Columbia Lions,NA
2024,Cole Welliver,QB,Connecticut Huskies,0.8575
2024,Brock Montgomery,WR,Connecticut Huskies,0.8467
2024,Kaleb Stewart,LB,Connecticut Huskies,0.8328
2024,Diego Rodriguez,OT,Connecticut Huskies,0.8270
2024,Oliver Lundberg Coleman,RB,Connecticut Huskies,0.8156
2024,Clemens Richter,TE,Connecticut Huskies,0.8137
2024,Tommy Ducker,Edge,Cornell Big Red,NA
2024,Kandakai Sherman,S,Cornell Big Red,NA
2024,Darius Wise,WR,Cornell Big Red,NA
2024,Luke Rives,WR,Dartmouth Big Green,NA
2024,Anthony Ndika,IOL,Dartmouth Big Green,NA
2024,Jackson Ashford,LB,Dartmouth Big Green,NA
2024,Taylor Faalele,DL,Dartmouth Big Green,NA
2024,Noah Trigueros,QB,Dartmouth Big Green,NA
2024,Sam Mitchell,LB,Dayton Flyers,NA
2024,Filip Rolek,DL,Dayton Flyers,NA
2024,Javawn Brooks,CB,Dayton Flyers,NA
2024,Parker Chaney,S,Dayton Flyers,NA
2024,Bryce Cowgill,TE,Dayton Flyers,NA
2024,Gus Dammann,DL,Dayton Flyers,NA
2024,Emmanuel Hardrick,CB,Dayton Flyers,NA
2024,Paul Kelly,WR,Dayton Flyers,NA
2024,Andrew Flaherty,OT,Dayton Flyers,NA
2024,LeRoy Lewis IV,WR,Dayton Flyers,NA
2024,Charlie Olds,IOL,Dayton Flyers,NA
2024,Kyler Paul,LB,Dayton Flyers,NA
2024,Zane Plattner,DL,Dayton Flyers,NA
2024,Grayson Thomas,RB,Dayton Flyers,NA
2024,Dante Varrasso,WR,Dayton Flyers,NA
2024,Alex Walton,IOL,Dayton Flyers,NA
2024,Sean Winton,QB,Dayton Flyers,NA
2024,Braden Streeter,QB,Delaware Fightin' Blue Hens,NA
2024,Skyler Sholder,K,Delaware Fightin' Blue Hens,NA
2024,Trace Scott,Edge,Delaware Fightin' Blue Hens,NA
2024,Sean Wilson,WR,Delaware Fightin' Blue Hens,NA
2024,Greg Spiller,RB,Delaware Fightin' Blue Hens,NA
2024,Kaeden Singleton,LB,Delaware Fightin' Blue Hens,NA
2024,Matthew McKinley,WR,Delaware Fightin' Blue Hens,NA
2024,Colin Gallagher,LB,Delaware Fightin' Blue Hens,NA
2024,Nick Tyree,WR,Delaware Fightin' Blue Hens,NA
2024,Jackson Whitacre,TE,Delaware Fightin' Blue Hens,NA
2024,Tyler Burnham,OT,Delaware Fightin' Blue Hens,0.8344
2024,Meikhi Cuttino,ATH,Delaware Fightin' Blue Hens,0.8250
2024,Alex Nash,CB,Delaware Fightin' Blue Hens,0.8056
2024,Nicholas Dowdell,IOL,Delaware State Hornets,NA
2024,Kyren Condoll,CB,Duke Blue Devils,0.8744
2024,Landan Callahan,ATH,Duke Blue Devils,0.8731
2024,Preston Watson,DL,Duke Blue Devils,0.8722
2024,Jayden Moore,WR,Duke Blue Devils,0.8656
2024,Tyshon Reed,Edge,Duke Blue Devils,0.8583
2024,Derrick Brown Jr.,LB,Duke Blue Devils,0.8547
2024,Vontae Floyd,ATH,Duke Blue Devils,0.8514
2024,Quan Rhodes Mckee,LB,Duquesne Dukes,NA
2024,Cameron Frazier,ATH,Duquesne Dukes,0.8686
2024,Kevon Merrell,LB,East Carolina Pirates,0.8578
2024,TJ Engleman,RB,East Carolina Pirates,0.8525
2024,Shaikh Thompson,Edge,East Carolina Pirates,0.8444
2024,Jyron Waiters,WR,East Carolina Pirates,0.8411
2024,Samuel Riddy,Edge,East Carolina Pirates,0.8308
2024,Omarion Lewis,S,East Carolina Pirates,0.8303
2024,Kendarius Small,OT,East Carolina Pirates,0.8283
2024,Jayson Tarpeh,OT,East Carolina Pirates,0.7783
2024,Jayson Graham,ATH,East Tennessee State Buccaneers,NA
2024,Jordan Anderson,WR,East Tennessee State Buccaneers,NA
2024,Franklin West,IOL,East Tennessee State Buccaneers,NA
2024,Isaiah Hare,DL,Eastern Illinois Panthers,NA
2024,David Ajose,ATH,Eastern Illinois Panthers,NA
2024,Daniel Ajose,ATH,Eastern Illinois Panthers,NA
2024,Rahfeeq Katumbusi,IOL,Eastern Illinois Panthers,NA
2024,Connor Wolf,QB,Eastern Illinois Panthers,NA
2024,Clint Chamley,IOL,Eastern Illinois Panthers,NA
2024,TJ Mitchell,WR,Eastern Kentucky Colonels,NA
2024,Frederick Hinton,OT,Eastern Kentucky Colonels,0.8526
2024,Daviyon Hawkins-Ingram,IOL,Eastern Kentucky Colonels,0.8400
2024,Chris Lee Jr.,LB,Eastern Kentucky Colonels,0.8300
2024,Jace Stuckey,QB,Eastern Michigan Eagles,0.8396
2024,Jordan Toney,CB,Eastern Michigan Eagles,0.8337
2024,Everett Small,IOL,Eastern Michigan Eagles,0.8237
2024,Oran Singleton,WR,Eastern Michigan Eagles,0.7933
2024,Zion Fonua,LB,Eastern Michigan Eagles,0.7783
2024,Dodji Dahoue,OT,Eastern Michigan Eagles,0.7783
2024,Ambrose Marsh,CB,Eastern Washington Eagles,NA
2024,Conner Walcker,ATH,Eastern Washington Eagles,NA
2024,Ahmad Robinson,OT,Eastern Washington Eagles,NA
2024,Kayden Stuit,TE,Eastern Washington Eagles,NA
2024,Josiah Goode,ATH,Eastern Washington Eagles,NA
2024,Asher Bowie,TE,Eastern Washington Eagles,NA
2024,Waylon Romero,Edge,Eastern Washington Eagles,NA
2024,Gavin Allen,TE,Eastern Washington Eagles,NA
2024,Kevin Allen,RB,Eastern Washington Eagles,NA
2024,Ayden Gutierrez,WR,Eastern Washington Eagles,NA
2024,Marcus Lloyd,ATH,Eastern Washington Eagles,NA
2024,Aiden Nicholson,ATH,Eastern Washington Eagles,NA
2024,Jaxon Branch,WR,Eastern Washington Eagles,0.8456
2024,Jake Schakel,QB,Eastern Washington Eagles,0.8444
2024,Shea Robertson,LB,Eastern Washington Eagles,0.8150
2024,Josiah Taylor,LB,FIU Golden Panthers,0.8344
2024,Clayton Dees,QB,FIU Golden Panthers,0.8304
2024,Germaine Carter,DL,FIU Golden Panthers,0.8250
2024,Jaden Williams,S,FIU Golden Panthers,0.8233
2024,Raheim Sexil,CB,FIU Golden Panthers,0.8204
2024,Shamir Sterlin,S,FIU Golden Panthers,0.8196
2024,Brekien Harold,DL,Florida A&M Rattlers,NA
2024,Jaylen Neal,CB,Florida A&M Rattlers,NA
2024,Montra Edwards,DL,Florida A&M Rattlers,NA
2024,Jeremy Fishkin,IOL,Florida A&M Rattlers,NA
2024,Jaylen Smith,WR,Florida A&M Rattlers,NA
2024,Mauricio Hinds,OT,Florida Atlantic Owls,0.8558
2024,Char'quez Lee,LB,Florida Atlantic Owls,0.8547
2024,Kaden Shield-Dutton,RB,Florida Atlantic Owls,0.8514
2024,Joseph Young,WR,Florida Atlantic Owls,0.8483
2024,Lawrence Johnson,CB,Florida Atlantic Owls,0.8442
2024,Keon Rohe',OT,Florida Atlantic Owls,0.8404
2024,Jaheim Miller,CB,Florida Atlantic Owls,0.8336
2024,Jarvis Johnson Jr.,LB,Florida Atlantic Owls,0.8264
2024,Curtis Janvier,CB,Florida Atlantic Owls,0.8225
2024,Cameron Goggins,CB,Florida Atlantic Owls,0.7833
2024,DJ Lagway,QB,Florida Gators,0.9964
2024,LJ McCray,DL,Florida Gators,0.9928
2024,Myles Graham,LB,Florida Gators,0.9754
2024,KD Daniels,RB,Florida Gators,0.9212
2024,Fletcher Westphal,OT,Florida Gators,0.9182
2024,D'Antre Robinson,DL,Florida Gators,0.9110
2024,Tank Hawkins,WR,Florida Gators,0.9094
2024,Gregory Smith III,S,Florida Gators,0.9049
2024,TJ Abrams,WR,Florida Gators,0.9025
2024,Jadan Baugh,RB,Florida Gators,0.8984
2024,Brien Taylor,DL,Florida Gators,0.8915
2024,Josiah Davis,S,Florida Gators,0.8853
2024,Michai Boireau,DL,Florida Gators,0.8753
2024,Teddy Foster,CB,Florida Gators,0.8744
2024,Noel Portnjagin,IOL,Florida Gators,0.8656
2024,Mike Williams,OT,Florida Gators,0.8575
2024,Jaylen Dawson,LB,Fordham Rams,NA
2024,Mardale Rowe,Edge,Fordham Rams,0.8452
2024,Damarrion White,Edge,Fresno State Bulldogs,0.8761
2024,Jordan Malau'ulu,ATH,Fresno State Bulldogs,0.8464
2024,Karim McCune II,WR,Fresno State Bulldogs,0.8156
2024,Jakari Embry,CB,Fresno State Bulldogs,0.8122
2024,Terry Hedden III,QB,Furman Paladins,NA
2024,Devin Hester Jr,WR,Furman Paladins,NA
2024,Juan Rodriguez,IOL,Georgetown Hoyas,NA
2024,Legend Bernard,ATH,Georgetown Hoyas,0.8450
2024,Savion Hart,RB,Georgetown Hoyas,0.8350
2024,Ellis Robinson IV,CB,Georgia Bulldogs,0.9994
2024,Justin Williams,LB,Georgia Bulldogs,0.9969
2024,KJ Bolden,S,Georgia Bulldogs,0.9940
2024,Joseph Jonah-Ajonye,DL,Georgia Bulldogs,0.9881
2024,Chris Cole,LB,Georgia Bulldogs,0.9866
2024,Demello Jones,CB,Georgia Bulldogs,0.9763
2024,Jaden Reddell,TE,Georgia Bulldogs,0.9678
2024,Ondre Evans,CB,Georgia Bulldogs,0.9566
2024,Michael Uini,OT,Georgia Bulldogs,0.9534
2024,NiTareon Tuggle,WR,Georgia Bulldogs,0.9510
2024,Daniel Calhoun,OT,Georgia Bulldogs,0.9491
2024,Ryan Puglisi,QB,Georgia Bulldogs,0.9487
2024,Jordan Thomas,DL,Georgia Bulldogs,0.9463
2024,Kristopher Jones,LB,Georgia Bulldogs,0.9405
2024,Chauncey Bowens,RB,Georgia Bulldogs,0.9174
2024,Marques Easley,OT,Georgia Bulldogs,0.9120
2024,Nyier Daniels,OT,Georgia Bulldogs,0.9101
2024,Quintavius Johnson,Edge,Georgia Bulldogs,0.8991
2024,Sacovie White,WR,Georgia Bulldogs,0.8933
2024,Colton Heinrich,TE,Georgia Bulldogs,0.8808
2024,Nnamdi Ogboko,DL,Georgia Bulldogs,0.8756
2024,Malachi Toliver,IOL,Georgia Bulldogs,0.8642
2024,Eli Anders,Edge,Georgia Southern Eagles,0.8253
2024,Tyler Budge,QB,Georgia Southern Eagles,0.8226
2024,Carmelo Mays,WR,Georgia Southern Eagles,0.8033
2024,Lane Wadle,TE,Georgia State Panthers,0.8411
2024,Damaine Wilson,Edge,Georgia State Panthers,0.8322
2024,Jules Ney,IOL,Georgia State Panthers,0.7933
2024,Isiah Canion,WR,Georgia Tech Yellow Jackets,0.9234
2024,Anthony Carrie,RB,Georgia Tech Yellow Jackets,0.9053
2024,Graham Knowles,QB,Georgia Tech Yellow Jackets,0.8789
2024,Jameson Riggs,OT,Georgia Tech Yellow Jackets,0.8778
2024,Trey Horne,ATH,Georgia Tech Yellow Jackets,0.8744
2024,Jordan Boyd,LB,Georgia Tech Yellow Jackets,0.8739
2024,Aaron Philo,QB,Georgia Tech Yellow Jackets,0.8728
2024,Jordan Floyd,OT,Georgia Tech Yellow Jackets,0.8714
2024,Trelain Maddox,RB,Georgia Tech Yellow Jackets,0.8656
2024,Harrison Moore,IOL,Georgia Tech Yellow Jackets,0.8583
2024,Cedric Franklin II,S,Georgia Tech Yellow Jackets,0.8558
2024,Santana Alo-Tupuola,IOL,Georgia Tech Yellow Jackets,0.8550
2024,Tah'j Butler,LB,Georgia Tech Yellow Jackets,0.8539
2024,Frank Moss,IOL,Grambling State Tigers,NA
2024,Andre Crews,RB,Grambling State Tigers,NA
2024,Orion Duplessis,OT,Grambling State Tigers,NA
2024,Jayshaun Johnson,S,Grambling State Tigers,0.8544
2024,Tony Phillips,RB,Grambling State Tigers,0.8492
2024,Jordan Bride,ATH,Grambling State Tigers,0.8217
2024,Michael Matthews-Canty,S,Hampton Pirates,0.8542
2024,Zekai Wimberly,LB,Hampton Pirates,0.8533
2024,Ben Alvarez,LB,Harvard Crimson,NA
2024,Micah Alejado,QB,Hawaii Rainbow Warriors,0.8467
2024,Christian Perry,OT,Hawaii Rainbow Warriors,0.8056
2024,Christian Vaughn,RB,Hawaii Rainbow Warriors,0.7883
2024,Marco Coleman,CB,Holy Cross Crusaders,0.8400
2024,Elijah Harris,RB,Houston Christian Huskies,NA
2024,Deacon Stanfield,WR,Houston Christian Huskies,NA
2024,Shakir Collins,LB,Houston Christian Huskies,0.8626
2024,Tye Smith,LB,Houston Christian Huskies,0.8550
2024,Isaiah Johnson,DL,Houston Christian Huskies,0.8450
2024,Xai'Shaun Edwards,RB,Houston Christian Huskies,0.8444
2024,Michael Sylvalie,LB,Houston Christian Huskies,0.8437
2024,Terrell Bradshaw,WR,Houston Christian Huskies,0.8378
2024,Jack Stanton,QB,Houston Christian Huskies,0.8267
2024,Maurice Williams II,S,Houston Cougars,0.8958
2024,Xavier Stillman,DL,Houston Cougars,0.8592
2024,Zion Taylor,Edge,Houston Cougars,0.8556
2024,Kaleb Thomas,TE,Houston Cougars,0.8517
2024,Larry Crawford,IOL,Houston Cougars,0.8486
2024,Travis Kerney,RB,Howard Bison,NA
2024,Zantwan Nelson,S,Howard Bison,NA
2024,Messiah Johnson,IOL,Idaho State Bengals,NA
2024,Ibe Divine,Edge,Idaho Vandals,NA
2024,Tony Harste,WR,Idaho Vandals,NA
2024,Kage Repenn,WR,Idaho Vandals,NA
2024,Holden Bea,QB,Idaho Vandals,NA
2024,Gus Donnerberg,LB,Idaho Vandals,NA
2024,Brilan Reynolds,S,Idaho Vandals,NA
2024,Ryan Kawalek,IOL,Idaho Vandals,NA
2024,Wiley Donnerberg,ATH,Idaho Vandals,NA
2024,Markhi Mckinnon,RB,Idaho Vandals,NA
2024,Josh Barnes,ATH,Idaho Vandals,NA
2024,Kenji Scanlan,LB,Idaho Vandals,NA
2024,Sone Falealo,OT,Idaho Vandals,NA
2024,Gabe Staszak,Edge,Idaho Vandals,NA
2024,Titus Ringor,DL,Idaho Vandals,NA
2024,Cal Huish,TE,Idaho Vandals,NA
2024,Leon Evans,OT,Idaho Vandals,NA
2024,Aaron Kinsey,WR,Idaho Vandals,NA
2024,Diezel Wilkinson,WR,Idaho Vandals,NA
2024,Nathan Knapik,OT,Idaho Vandals,0.8550
2024,Andrew Dennis,IOL,Illinois Fighting Illini,0.9102
2024,Tysean Griffin,ATH,Illinois Fighting Illini,0.8867
2024,Eddie Tuerk,DL,Illinois Fighting Illini,0.8842
2024,Daniel Brown,Edge,Illinois Fighting Illini,0.8789
2024,Trey Petty,QB,Illinois Fighting Illini,0.8744
2024,Demetrius John,DL,Illinois Fighting Illini,0.8739
2024,Vernon Woodward III,CB,Illinois Fighting Illini,0.8689
2024,Mario Sanders II,WR,Illinois Fighting Illini,0.8639
2024,Angelo McCullom,DL,Illinois Fighting Illini,0.8575
2024,Joe Barna,DL,Illinois Fighting Illini,0.8567
2024,Brandon Hansen,OT,Illinois Fighting Illini,0.8483
2024,Chase Canada,CB,Illinois Fighting Illini,0.8378
2024,Ben Cooper,LB,Illinois State Redbirds,NA
2024,Quinten Johnson,WR,Illinois State Redbirds,NA
2024,Patrick Bridges,ATH,Incarnate Word Cardinals,NA
2024,Keiran Patrick-Daniels,ATH,Incarnate Word Cardinals,NA
2024,Jace Bardwell,DL,Incarnate Word Cardinals,NA
2024,Adam May,OT,Incarnate Word Cardinals,NA
2024,Tyler Cherry,QB,Indiana Hoosiers,0.9158
2024,Josh Philostin,CB,Indiana Hoosiers,0.8869
2024,Brody Kosin,TE,Indiana Hoosiers,0.8644
2024,Daniel Ndukwe,Edge,Indiana Hoosiers,0.8444
2024,Dontrae Henderson,CB,Indiana Hoosiers,0.8219
2024,Mario Landino,DL,Indiana Hoosiers,0.8137
2024,Hank Fuchs,IOL,Indiana State Sycamores,NA
2024,Preston Wolfe,ATH,Indiana State Sycamores,NA
2024,Gavin Hoffman,TE,Iowa Hawkeyes,0.9094
2024,Josh Janowski,IOL,Iowa Hawkeyes,0.8622
2024,Rhys Dakin,P,Iowa Hawkeyes,0.8104
2024,Cooper Alexander,TE,Iowa State Cyclones,0.8744
2024,Connor Moberly,QB,Iowa State Cyclones,0.8656
2024,Keaton Roskop,TE,Iowa State Cyclones,0.8647
2024,Dylan Lee,RB,Iowa State Cyclones,0.8639
2024,Quentin Taylor Jr.,S,Iowa State Cyclones,0.8606
2024,Cael Brezina,LB,Iowa State Cyclones,0.8600
2024,AJ Burton,OT,Iowa State Cyclones,0.8511
2024,Danny Inglis,ATH,Iowa State Cyclones,0.8483
2024,Mason Miller,LB,Iowa State Cyclones,0.8458
2024,Antonio Ross,OT,Jackson State Tigers,NA
2024,Ethan Terrell,QB,Jackson State Tigers,NA
2024,Travis Terrell Jr,CB,Jackson State Tigers,NA
2024,Tymon Wells,DL,Jackson State Tigers,NA
2024,Keith Chisholm,ATH,Jackson State Tigers,NA
2024,Xavion Davis,IOL,Jackson State Tigers,NA
2024,Brandon Mitchell,WR,Jackson State Tigers,NA
2024,Kobe Boykin,ATH,Jackson State Tigers,0.8767
2024,Mike Smith,CB,Jackson State Tigers,0.8433
2024,Devin Love,IOL,Jackson State Tigers,0.8411
2024,Nate Blount,RB,Jackson State Tigers,0.8196
2024,James Ziglor III,S,Jacksonville State Gamecocks,NA
2024,JaKobe Campbell,IOL,James Madison Dukes,NA
2024,Tyjai Hopper,S,James Madison Dukes,0.8652
2024,Dylan Williams,WR,James Madison Dukes,0.8585
2024,KJ Flowe,S,James Madison Dukes,0.8533
2024,Marcellus Nash,Edge,James Madison Dukes,0.8456
2024,JC Evans,QB,James Madison Dukes,0.8436
2024,Phillip Harris,S,James Madison Dukes,0.8258
2024,Chase Regan,S,James Madison Dukes,0.8228
2024,Dakyus Brinkley,Edge,Kansas Jayhawks,0.9043
2024,Jalen Todd,CB,Kansas Jayhawks,0.8875
2024,Isaiah Marshall,QB,Kansas Jayhawks,0.8828
2024,Damani Maxson,S,Kansas Jayhawks,0.8828
2024,Harry Stewart III,RB,Kansas Jayhawks,0.8786
2024,Red Martel,RB,Kansas Jayhawks,0.8664
2024,Blake Barnett,QB,Kansas State Wildcats,0.8842
2024,Ryan Howard,OT,Kansas State Wildcats,0.8672
2024,Dante Thomas,S,Kansas State Wildcats,0.8644
2024,Jacques Spradley-Demps,WR,Kansas State Wildcats,0.8636
2024,DeVon Rice,RB,Kansas State Wildcats,0.8633
2024,Kyle Rakers,IOL,Kansas State Wildcats,0.8608
2024,Callen Barta,S,Kansas State Wildcats,0.8561
2024,Boone Morris,LB,Kansas State Wildcats,0.8500
2024,Lucas Scheerhorn,QB,Kennesaw State Owls,NA
2024,Garrett Dial,WR,Kent State Golden Flashes,NA
2024,Martell Buchanan,S,Kent State Golden Flashes,NA
2024,Antonio Bottiggi,DL,Kent State Golden Flashes,NA
2024,Jett Hilding,QB,Kent State Golden Flashes,NA
2024,Clinton Robinson,ATH,Kent State Golden Flashes,0.8567
2024,Javier Etheridge,ATH,Kent State Golden Flashes,0.8539
2024,Dakota Taylor,WR,Kent State Golden Flashes,0.8419
2024,Darrion Gilliam,WR,Kent State Golden Flashes,0.8404
2024,Jaire Rawlison,CB,Kent State Golden Flashes,0.8358
2024,Nylan Brown,LB,Kent State Golden Flashes,0.8342
2024,Jayden Studio,LB,Kent State Golden Flashes,0.8337
2024,Da'Shawn Martin,ATH,Kent State Golden Flashes,0.8304
2024,Troy Martin,ATH,Kent State Golden Flashes,0.8304
2024,Jaihien Roy,LB,Kent State Golden Flashes,0.8237
2024,Elijah Williams,IOL,Kent State Golden Flashes,0.8237
2024,Josue Cordoba,DL,Kent State Golden Flashes,0.8204
2024,Ayden Harris,ATH,Kent State Golden Flashes,0.8170
2024,Wayne Harris,WR,Kent State Golden Flashes,0.8137
2024,Armahn Hale,CB,Kent State Golden Flashes,0.8137
2024,Cade Wolford,ATH,Kent State Golden Flashes,0.8070
2024,Jaxon Dunn,IOL,Kent State Golden Flashes,0.7996
2024,Tommy Newcomb,K,Kent State Golden Flashes,0.7956
2024,Brodyn Bishop,S,Kent State Golden Flashes,0.7894
2024,Preston Hopperton,WR,Kent State Golden Flashes,0.7844
2024,Brian Robinson,Edge,Kentucky Wildcats,0.9519
2024,Terhyon Nichols,CB,Kentucky Wildcats,0.9257
2024,Jerod Smith II,DL,Kentucky Wildcats,0.9231
2024,Jacob Smith,Edge,Kentucky Wildcats,0.9181
2024,Hardley Gilmore IV,WR,Kentucky Wildcats,0.9052
2024,Cutter Boley,QB,Kentucky Wildcats,0.9014
2024,Jason Patterson,RB,Kentucky Wildcats,0.8881
2024,Aba Selm,OT,Kentucky Wildcats,0.8855
2024,Jiquavious Marshall,ATH,Kentucky Wildcats,0.8811
2024,Antwan Smith,Edge,Kentucky Wildcats,0.8683
2024,Steven Soles Jr.,Edge,Kentucky Wildcats,0.8681
2024,Hayes Johnson,OT,Kentucky Wildcats,0.8633
2024,Braylon Vincent,S,LIU Sharks,NA
2024,Dashawn McBryde,S,LSU Tigers,0.9528
2024,Tylen Singleton,LB,LSU Tigers,0.9349
2024,Gabriel Reliford,Edge,LSU Tigers,0.9176
2024,Coen Echols,IOL,LSU Tigers,0.9116
2024,Joel Rogers,S,LSU Tigers,0.9111
2024,Ethan Calloway,OT,LSU Tigers,0.9062
2024,Kolaj Cobbins,Edge,LSU Tigers,0.9040
2024,Xavier Atkins,LB,LSU Tigers,0.9025
2024,Colin Hurley,QB,LSU Tigers,0.9000
2024,Davhon Keys,LB,LSU Tigers,0.8958
2024,PJ Woodland,CB,LSU Tigers,0.8880
2024,De'Myrion Johnson,DL,LSU Tigers,0.8840
2024,Khayree Lee Jr.,IOL,LSU Tigers,0.8819
2024,Ahmad Breaux,Edge,LSU Tigers,0.8769
2024,Jo Cryer,IOL,LSU Tigers,0.8706
2024,Shone Washington,DL,LSU Tigers,0.8692
2024,JoÃ«l van Gelder,TE,Lafayette Leopards,NA
2024,Kristo Reinhardt,IOL,Lafayette Leopards,NA
2024,Dhonte Jackson,CB,Lafayette Leopards,NA
2024,Jameer Muhammad,RB,Lamar Cardinals,NA
2024,Kmare Balfour,TE,Lamar Cardinals,NA
2024,Emonte Cross,QB,Lamar Cardinals,NA
2024,Zion Carter,Edge,Lamar Cardinals,NA
2024,Isaiah Menefee,S,Lamar Cardinals,NA
2024,Britain Simmons,ATH,Lamar Cardinals,0.8552
2024,Talan Dudley,LB,Lehigh Mountain Hawks,0.8525
2024,Rahji Dennis,WR,Louisiana Ragin' Cajuns,0.8761
2024,Samari Collier,QB,Louisiana Ragin' Cajuns,0.8550
2024,Djay Williams,IOL,Louisiana Ragin' Cajuns,0.8453
2024,J'Marion Gooch,OT,Louisiana Ragin' Cajuns,0.7933
2024,BJ Blake,S,Louisiana Tech Bulldogs,NA
2024,Adam Lamar,DL,Louisiana Tech Bulldogs,NA
2024,Omiri Wiggins,RB,Louisiana Tech Bulldogs,NA
2024,Jordon Myles,CB,Louisiana Tech Bulldogs,NA
2024,Ty Keyes,QB,Louisiana Tech Bulldogs,0.8711
2024,Tamarcus Gray Jr.,WR,Louisiana Tech Bulldogs,0.8656
2024,Hunter Tipton,TE,Louisiana Tech Bulldogs,0.8204
2024,Jakari Foster,CB,Louisiana Tech Bulldogs,0.8006
2024,Trevell Vivians,DL,Louisiana Tech Bulldogs,0.7833
2024,Navarion Benson,CB,Louisiana Tech Bulldogs,0.7733
2024,Stephen Saywahn,S,Louisiana-Monroe Warhawks,NA
2024,Amir McGruder,WR,Louisiana-Monroe Warhawks,NA
2024,Kristopher Robinson,CB,Louisiana-Monroe Warhawks,NA
2024,Tyrese Hopkins,LB,Louisiana-Monroe Warhawks,NA
2024,Quentis Griffin Jr.,IOL,Louisiana-Monroe Warhawks,NA
2024,Jaden Hamlin,DL,Louisiana-Monroe Warhawks,0.8927
2024,Jim Ogle,QB,Louisiana-Monroe Warhawks,0.8306
2024,JD Stewart,LB,Louisiana-Monroe Warhawks,0.8194
2024,Billy Pullen,Edge,Louisiana-Monroe Warhawks,0.8106
2024,Charles Thomas,CB,Louisiana-Monroe Warhawks,0.7956
2024,Korian Wilson,S,Louisiana-Monroe Warhawks,0.7894
2024,Ozarrio Smith,RB,Louisiana-Monroe Warhawks,0.7894
2024,Dan Knudsen,LB,Louisiana-Monroe Warhawks,0.7856
2024,Daz Galloway,IOL,Louisiana-Monroe Warhawks,0.7856
2024,Davin Anderson,DL,Louisiana-Monroe Warhawks,0.7733
2024,Kevontay Wells,DL,Louisiana-Monroe Warhawks,0.7733
2024,Tristan Shorter,LB,Louisiana-Monroe Warhawks,0.7683
2024,Kelbee Holmes,LB,Louisiana-Monroe Warhawks,0.7633
2024,Isaac Brown,RB,Louisville Cardinals,0.8869
2024,JoJo Stone,ATH,Louisville Cardinals,0.8858
2024,Maurice Davis,Edge,Louisville Cardinals,0.8683
2024,Trent Carter,LB,Louisville Cardinals,0.8600
2024,Ransom McDermott,OT,Louisville Cardinals,0.8592
2024,Shunmarkus Adams,OT,Marshall Thundering Herd,NA
2024,Thomas McCoy,WR,Marshall Thundering Herd,NA
2024,Guylijah Theodule,CB,Marshall Thundering Herd,0.8583
2024,Aidan Steinfeldt,TE,Marshall Thundering Herd,0.8575
2024,Corey Myrick,CB,Marshall Thundering Herd,0.8533
2024,Marcel Williams,WR,Marshall Thundering Herd,0.8500
2024,Chris Stokes,DL,Marshall Thundering Herd,0.8433
2024,Jacqai Long,QB,Marshall Thundering Herd,0.8411
2024,Chason Clark,LB,Marshall Thundering Herd,0.8386
2024,Ryley McIntosh,ATH,Marshall Thundering Herd,0.8350
2024,Moses Gray Jr.,RB,Marshall Thundering Herd,0.8337
2024,MaLik Caswell,S,Marshall Thundering Herd,0.8311
2024,Michael Lunsford,DL,Marshall Thundering Herd,0.8306
2024,Kam Kynard,S,Marshall Thundering Herd,0.8304
2024,Andrew Hancock,IOL,Marshall Thundering Herd,0.8148
2024,Cameron Chmura,DL,Marshall Thundering Herd,0.8137
2024,Brandon Jacob,S,Maryland Terrapins,0.9044
2024,Braydon Lee,CB,Maryland Terrapins,0.8954
2024,DeJuan Williams,RB,Maryland Terrapins,0.8894
2024,Mekhai White,ATH,Maryland Terrapins,0.8892
2024,Ryan Howerton,OT,Maryland Terrapins,0.8833
2024,Anthony Reddick,Edge,Maryland Terrapins,0.8719
2024,Lloyd Irvin III,CB,Maryland Terrapins,0.8608
2024,Keyari James,LB,Maryland Terrapins,0.8539
2024,Logan Bennett,OT,Maryland Terrapins,0.8533
2024,Sandy Lewis,LB,McNeese State Cowboys,0.8593
2024,Sam Liu,IOL,McNeese State Cowboys,0.8204
2024,Jonathan Young,OT,Memphis Tigers,0.8647
2024,Arrington Maiden,QB,Memphis Tigers,0.8592
2024,MaKari Bodiford,RB,Memphis Tigers,0.8522
2024,Brady Kluse,WR,Memphis Tigers,0.8411
2024,Calvin McMillian,IOL,Memphis Tigers,0.8404
2024,Nate Thomason,LB,Memphis Tigers,0.8314
2024,Cameron Pascal,IOL,Memphis Tigers,0.8192
2024,Samson Israel,CB,Memphis Tigers,0.8181
2024,Mond Cole,DL,Memphis Tigers,0.8156
2024,Kurt Armstrong,IOL,Mercer Bears,NA
2024,Neko Fann,QB,Mercer Bears,NA
2024,JJ Hammonds,Edge,Miami (OH) RedHawks,0.8731
2024,Josh Ringer,ATH,Miami (OH) RedHawks,0.8504
2024,Carter Herriman,LB,Miami (OH) RedHawks,0.8337
2024,Jackson Pons,ATH,Miami (OH) RedHawks,0.8294
2024,Thomas Gotkowski,QB,Miami (OH) RedHawks,0.8294
2024,Hunter Teal,TE,Miami (OH) RedHawks,0.8244
2024,Armondo Blount,DL,Miami Hurricanes,0.9875
2024,Marquise Lightfoot,Edge,Miami Hurricanes,0.9855
2024,Joshisa Trader,WR,Miami Hurricanes,0.9803
2024,Ny Carr,WR,Miami Hurricanes,0.9686
2024,Zaquan Patterson,S,Miami Hurricanes,0.9540
2024,Adarius Hayes,LB,Miami Hurricanes,0.9441
2024,Elija Lofton,TE,Miami Hurricanes,0.9095
2024,Cam Pruitt,LB,Miami Hurricanes,0.8894
2024,Markel Bell,OT,Miami Hurricanes,0.8847
2024,Isaiah Thomas,S,Miami Hurricanes,0.8825
2024,Judd Anderson,QB,Miami Hurricanes,0.8783
2024,Dylan Day,S,Miami Hurricanes,0.8769
2024,Deryc Plazz,OT,Miami Hurricanes,0.8761
2024,Cole McConathy II,Edge,Miami Hurricanes,0.8758
2024,Chris Wheatley-Humphrey,RB,Miami Hurricanes,0.8744
2024,Nino Francavilla,IOL,Miami Hurricanes,0.8304
2024,Abram Murray,K,Miami Hurricanes,0.8219
2024,Nick Marsh,WR,Michigan State Spartans,0.9280
2024,Brady Pretzlaff,LB,Michigan State Spartans,0.8904
2024,Mercer Luniewski,OT,Michigan State Spartans,0.8761
2024,Justin Denson Jr.,CB,Michigan State Spartans,0.8747
2024,Alessio Milivojevic,QB,Michigan State Spartans,0.8731
2024,Jaylen Thompson,CB,Michigan State Spartans,0.8694
2024,Charlton Luniewski,IOL,Michigan State Spartans,0.8597
2024,Brandon Tullis,RB,Michigan State Spartans,0.8500
2024,Ryland Jessee,QB,Michigan State Spartans,0.8469
2024,Jadyn Davis,QB,Michigan Wolverines,0.9492
2024,Brady Prieskorn,TE,Michigan Wolverines,0.9408
2024,Blake Frazier,OT,Michigan Wolverines,0.9290
2024,Cole Sullivan,LB,Michigan Wolverines,0.9084
2024,Jacob Oden,S,Michigan Wolverines,0.9076
2024,Hogan Hansen,TE,Michigan Wolverines,0.9012
2024,Jeremiah Beasley,LB,Michigan Wolverines,0.8983
2024,Jake Guarnera,IOL,Michigan Wolverines,0.8878
2024,Dominic Nichols,Edge,Michigan Wolverines,0.8853
2024,Roman Gagliano,QB,Middle Tennessee State Blue Raiders,NA
2024,Dumela Knox,OT,Middle Tennessee State Blue Raiders,NA
2024,Josh Evans,WR,Middle Tennessee State Blue Raiders,0.8367
2024,Tiyyan Robinson,Edge,Middle Tennessee State Blue Raiders,0.8241
2024,Luther Richesson,QB,Middle Tennessee State Blue Raiders,0.8183
2024,Jackson Lowe,S,Middle Tennessee State Blue Raiders,0.8094
2024,Shamar Crawford,OT,Middle Tennessee State Blue Raiders,0.7906
2024,Grant Chadwick,P,Middle Tennessee State Blue Raiders,0.7833
2024,Nathan Roy,OT,Minnesota Golden Gophers,0.9257
2024,Julian Johnson,TE,Minnesota Golden Gophers,0.8789
2024,Jacob Simpson,TE,Minnesota Golden Gophers,0.8739
2024,Fame Ijeboi,RB,Minnesota Golden Gophers,0.8718
2024,Drake Lindsey,QB,Minnesota Golden Gophers,0.8717
2024,Mike Gerald,CB,Minnesota Golden Gophers,0.8664
2024,Dallas Sims,WR,Minnesota Golden Gophers,0.8586
2024,Jaydon Wright,RB,Minnesota Golden Gophers,0.8525
2024,Sam Macy,LB,Minnesota Golden Gophers,0.8508
2024,Marcus Ross,LB,Mississippi State Bulldogs,NA
2024,Brylan Lanier,CB,Mississippi State Bulldogs,NA
2024,JJ Harrell,WR,Mississippi State Bulldogs,0.9181
2024,Braylon Burnside,ATH,Mississippi State Bulldogs,0.9177
2024,Michael Van Buren Jr.,QB,Mississippi State Bulldogs,0.9148
2024,Mario Craver,WR,Mississippi State Bulldogs,0.9056
2024,Jimothy Lewis Jr.,OT,Mississippi State Bulldogs,0.8975
2024,Tyler Woodard,S,Mississippi State Bulldogs,0.8756
2024,Branden Jennings,LB,Mississippi State Bulldogs,0.8731
2024,Johnnie Daniels,RB,Mississippi State Bulldogs,0.8714
2024,Ashun Shepphard,DL,Mississippi State Bulldogs,0.8633
2024,Elijah Cannon,CB,Mississippi State Bulldogs,0.8611
2024,Luke Work,OT,Mississippi State Bulldogs,0.8572
2024,Kai McClendon,DL,Mississippi State Bulldogs,0.8567
2024,Cyrus Reyes,S,Mississippi State Bulldogs,0.8383
2024,Semaj'Dre Gasaway,S,Mississippi Valley State Delta Devils,NA
2024,Devin Rutherford,CB,Missouri State Bears,NA
2024,Trajen Greco,CB,Missouri Tigers,0.9281
2024,Cameron Keys,CB,Missouri Tigers,0.8864
2024,Aidan Glover,QB,Missouri Tigers,0.8803
2024,Jayven Richardson,OT,Missouri Tigers,0.8794
2024,Caleb Pyfrom,OT,Missouri Tigers,0.8736
2024,Talan Chandler,IOL,Missouri Tigers,0.8719
2024,Ryan Jostes,OT,Missouri Tigers,0.8689
2024,Willy Love,ATH,Monmouth Hawks,0.8800
2024,Elijah Jennings,RB,Monmouth Hawks,0.8447
2024,Jhase McMillan,CB,Montana State Bobcats,NA
2024,Hudson Wiens,DL,Montana State Bobcats,NA
2024,Ryan Bowles,LB,Montana State Bobcats,NA
2024,Dalton Noble,OT,Montana State Bobcats,NA
2024,Jabez Woods,WR,Montana State Bobcats,NA
2024,Seth Brock,Edge,Montana State Bobcats,NA
2024,Carson Williams,CB,Montana State Bobcats,0.8517
2024,AJ Tanupo,DL,Montana State Bobcats,0.8500
2024,Unterrio Latin-Henley,RB,Montana State Bobcats,0.8478
2024,Luvens Valcin,ATH,Montana State Bobcats,0.8194
2024,Blaine Burke,RB,Murray State Racers,0.8611
2024,Jordan Washington,RB,Murray State Racers,0.8600
2024,Terrell Anderson,WR,NC State Wolfpack,0.9400
2024,CJ Bailey,QB,NC State Wolfpack,0.8933
2024,Robby Martin,IOL,NC State Wolfpack,0.8853
2024,Jayden Scott,RB,NC State Wolfpack,0.8834
2024,Asaad Brown Jr.,CB,NC State Wolfpack,0.8833
2024,Keenan Jackson,WR,NC State Wolfpack,0.8758
2024,Joshua Ofor,LB,NC State Wolfpack,0.8739
2024,Trent Mitchell,OT,NC State Wolfpack,0.8728
2024,Brody Barnhardt,S,NC State Wolfpack,0.8722
2024,Tank Boston,WR,NC State Wolfpack,0.8712
2024,Wyatt Wright,LB,NC State Wolfpack,0.8667
2024,Jivan Baly,CB,NC State Wolfpack,0.8653
2024,Christian Zachary,WR,NC State Wolfpack,0.8633
2024,Isiah Jones,RB,NC State Wolfpack,0.8567
2024,Cannon Lewis,LB,NC State Wolfpack,0.8508
2024,Chase Bond,DL,NC State Wolfpack,0.8494
2024,Zane Williams,LB,NC State Wolfpack,0.8417
2024,Dante Daniels,TE,NC State Wolfpack,0.8344
2024,Landon Dolhancyk,WR,Navy Midshipmen,NA
2024,Dylan Raiola,QB,Nebraska Cornhuskers,0.9926
2024,Grant Brix,OT,Nebraska Cornhuskers,0.9578
2024,Mario Buford,ATH,Nebraska Cornhuskers,0.8967
2024,Dae'vonn Hall,WR,Nebraska Cornhuskers,0.8950
2024,Roger Gradney,ATH,Nebraska Cornhuskers,0.8944
2024,Jacory Barney Jr.,ATH,Nebraska Cornhuskers,0.8917
2024,Vincent Shavers,LB,Nebraska Cornhuskers,0.8842
2024,Willis McGahee IV,Edge,Nebraska Cornhuskers,0.8803
2024,Gibson Pyle,IOL,Nebraska Cornhuskers,0.8797
2024,Daniel Kaelin,QB,Nebraska Cornhuskers,0.8781
2024,Ian Flynt,TE,Nebraska Cornhuskers,0.8775
2024,Keelan Smith,TE,Nebraska Cornhuskers,0.8744
2024,Larry Tarver Jr.,CB,Nebraska Cornhuskers,0.8700
2024,Ashton Murphy,DL,Nebraska Cornhuskers,0.8683
2024,Evan Taylor,CB,Nebraska Cornhuskers,0.8675
2024,Rex Guthrie,S,Nebraska Cornhuskers,0.8511
2024,Anthony Grigsby Jr.,QB,Nevada Wolf Pack,NA
2024,Jaden McGill,RB,Nevada Wolf Pack,NA
2024,Nelson Ropati,DL,Nevada Wolf Pack,NA
2024,Dominik Ball,RB,Nevada Wolf Pack,0.8500
2024,Tyler Habersham-Agbemenu,IOL,New Hampshire Wildcats,NA
2024,Eric Lee,S,New Hampshire Wildcats,0.8497
2024,DaMontre Patterson,ATH,New Hampshire Wildcats,0.8444
2024,Malik Aliane,IOL,New Mexico Lobos,NA
2024,Bobby Arnold III,CB,New Mexico Lobos,NA
2024,Pierre Kemeni Jr.,CB,New Mexico Lobos,NA
2024,TJ Pride,WR,New Mexico State Aggies,NA
2024,Brandon Nunez,QB,New Mexico State Aggies,NA
2024,Elijah Harvey,OT,New Mexico State Aggies,NA
2024,Alex Lines,TE,New Mexico State Aggies,0.8567
2024,Malaki Ta'ase,Edge,New Mexico State Aggies,0.8056
2024,DaMarco Moorer,S,New Mexico State Aggies,0.8044
2024,Jake Waltman,IOL,New Mexico State Aggies,0.7633
2024,Anthony Rogers,CB,Nicholls State Colonels,NA
2024,Noah Onyia,TE,Nicholls State Colonels,0.8750
2024,Marcus Dawson Jr.,S,Nicholls State Colonels,0.8700
2024,Jayvon Beliard,DL,Norfolk State Spartans,NA
2024,Tasean Young-Stieff,WR,Norfolk State Spartans,0.8583
2024,Khristian Tyson,S,North Carolina A&T Aggies,NA
2024,Daniel Coles,ATH,North Carolina A&T Aggies,0.8478
2024,Cortez Lane,ATH,North Carolina Central Eagles,NA
2024,Richard James Jr.,DL,North Carolina Central Eagles,0.8422
2024,Hayes Galloway,DL,North Carolina Tar Heels,NA
2024,Jordan Shipp,WR,North Carolina Tar Heels,0.9470
2024,Malcolm Ziglar,S,North Carolina Tar Heels,0.9240
2024,Jaiden Patterson,ATH,North Carolina Tar Heels,0.9085
2024,Alex Taylor,WR,North Carolina Tar Heels,0.8978
2024,Ty White,S,North Carolina Tar Heels,0.8944
2024,Zion Ferguson,CB,North Carolina Tar Heels,0.8933
2024,Andrew Rosinski,OT,North Carolina Tar Heels,0.8878
2024,Davion Gause,RB,North Carolina Tar Heels,0.8875
2024,Javarius Green,WR,North Carolina Tar Heels,0.8861
2024,Ashton Woods,LB,North Carolina Tar Heels,0.8850
2024,Jalon Thompson,S,North Carolina Tar Heels,0.8811
2024,Curtis Simpson,ATH,North Carolina Tar Heels,0.8761
2024,Desmond Jackson,OT,North Carolina Tar Heels,0.8706
2024,Jani Norwood,IOL,North Carolina Tar Heels,0.8703
2024,Daniel Anderson,Edge,North Carolina Tar Heels,0.8681
2024,Aidan Banfield,IOL,North Carolina Tar Heels,0.8667
2024,Khalil Conley,ATH,North Carolina Tar Heels,0.8667
2024,Michael Merdinger,QB,North Carolina Tar Heels,0.8661
2024,Timothy Lawson,TE,North Carolina Tar Heels,0.8658
2024,Ryan Ward,TE,North Carolina Tar Heels,0.8625
2024,Tyrane Stewart,CB,North Carolina Tar Heels,0.8478
2024,Will Stobbe,IOL,North Dakota Fighting Hawks,NA
2024,Langden College,Edge,North Dakota Fighting Hawks,NA
2024,Caden Cetak,Edge,North Dakota Fighting Hawks,NA
2024,Wyatt Bell,IOL,North Dakota Fighting Hawks,NA
2024,Isiah St. Romain,WR,North Dakota State Bison,NA
2024,Peder Haugo,ATH,North Dakota State Bison,NA
2024,Jett Zabel,TE,North Dakota State Bison,NA
2024,Zach Vanderpool,DL,North Dakota State Bison,NA
2024,Will Steil,S,North Dakota State Bison,NA
2024,Taylen Eady,CB,North Dakota State Bison,NA
2024,Ray James,LB,North Dakota State Bison,NA
2024,William Washington,CB,North Dakota State Bison,NA
2024,Jackson Williams,WR,North Dakota State Bison,NA
2024,Will Rosenmeyer,CB,North Dakota State Bison,NA
2024,Matthew Stenbroten,LB,North Dakota State Bison,0.8492
2024,Donovan Woolen,ATH,North Dakota State Bison,0.8356
2024,Coy Okeson,OT,North Dakota State Bison,0.8278
2024,Nate Tastad,OT,North Dakota State Bison,0.8222
2024,Kiefer Sibley,RB,North Texas Mean Green,0.8597
2024,Jaedon Langley,DL,North Texas Mean Green,0.8575
2024,Tyler Mercer,IOL,North Texas Mean Green,0.8444
2024,Cash McCollum,QB,North Texas Mean Green,0.8433
2024,Luke Carter,TE,North Texas Mean Green,0.8417
2024,Mason Ferguson,WR,North Texas Mean Green,0.8370
2024,Brandon Young Jr.,TE,North Texas Mean Green,0.8369
2024,Javery Mayberry,TE,Northern Arizona Lumberjacks,NA
2024,Jaelen Collins,ATH,Northern Arizona Lumberjacks,NA
2024,Kaden Dixon,RB,Northern Arizona Lumberjacks,NA
2024,Ramere Davis,LB,Northern Arizona Lumberjacks,0.8552
2024,Lincoln Fa'apouli Jr.,IOL,Northern Colorado Bears,NA
2024,Marvin Williams,ATH,Northern Colorado Bears,0.8106
2024,Dashaun Gibson,CB,Northern Illinois Huskies,NA
2024,Aiden Olson,IOL,Northern Illinois Huskies,0.7989
2024,Kenny Lueth,QB,Northern Illinois Huskies,0.7783
2024,Cale McThenia,QB,Northern Iowa Panthers,NA
2024,Sam Thomas,OT,Northern Iowa Panthers,NA
2024,Dillon Marshall,LB,Northern Iowa Panthers,NA
2024,Kolben Miller,Edge,Northern Iowa Panthers,NA
2024,Titus Cram,ATH,Northern Iowa Panthers,0.8622
2024,Hayden Eligon II,WR,Northwestern Wildcats,NA
2024,Callen Campbell,DL,Northwestern Wildcats,0.8575
2024,Troy Regovich,DL,Northwestern Wildcats,0.8558
2024,Timi Oke,CB,Northwestern Wildcats,0.8508
2024,Kyngstonn Viliamu-Asa,LB,Notre Dame Fighting Irish,0.9810
2024,Guerby Lambert,OT,Notre Dame Fighting Irish,0.9785
2024,Cam Williams,WR,Notre Dame Fighting Irish,0.9783
2024,CJ Carr,QB,Notre Dame Fighting Irish,0.9685
2024,Bryce Young,DL,Notre Dame Fighting Irish,0.9646
2024,Kedren Young,RB,Notre Dame Fighting Irish,0.9469
2024,Brauntae Johnson,S,Notre Dame Fighting Irish,0.9222
2024,Loghan Thomas,Edge,Notre Dame Fighting Irish,0.9182
2024,Micah Gilbert,WR,Notre Dame Fighting Irish,0.9140
2024,Aneyas Williams,RB,Notre Dame Fighting Irish,0.9126
2024,Anthonie Knapp,OT,Notre Dame Fighting Irish,0.9031
2024,Styles Prescod,OT,Notre Dame Fighting Irish,0.9017
2024,Logan Saldate,WR,Notre Dame Fighting Irish,0.8950
2024,Leonard Moore,CB,Notre Dame Fighting Irish,0.8940
2024,Peter Jones,OT,Notre Dame Fighting Irish,0.8924
2024,Jack Larsen,TE,Notre Dame Fighting Irish,0.8900
2024,Bodie Kahoun,LB,Notre Dame Fighting Irish,0.8892
2024,Sean Sevillano Jr.,DL,Notre Dame Fighting Irish,0.8867
2024,Taebron Bennie-Powell,S,Notre Dame Fighting Irish,0.8819
2024,Karson Hobbs,CB,Notre Dame Fighting Irish,0.8811
2024,Kennedy Urlacher,S,Notre Dame Fighting Irish,0.8808
2024,Cole Mullins,Edge,Notre Dame Fighting Irish,0.8786
2024,Teddy Rezac,LB,Notre Dame Fighting Irish,0.8769
2024,Dominic Dorwart,WR,Ohio Bobcats,0.8511
2024,Kaden Hurst,WR,Ohio Bobcats,0.8403
2024,Nick Segarra,TE,Ohio Bobcats,0.8336
2024,Duncan Brune,RB,Ohio Bobcats,0.8230
2024,Stellan Bowman,LB,Ohio Bobcats,0.8214
2024,Sam Ehret,Edge,Ohio Bobcats,0.8163
2024,AJ Miller,TE,Ohio Bobcats,0.8063
2024,Jeremiah Smith,WR,Ohio State Buckeyes,0.9997
2024,Eddrick Houston,Edge,Ohio State Buckeyes,0.9879
2024,Aaron Scott Jr.,CB,Ohio State Buckeyes,0.9835
2024,Air Noland,QB,Ohio State Buckeyes,0.9743
2024,Bryce West,CB,Ohio State Buckeyes,0.9690
2024,James Peoples,RB,Ohio State Buckeyes,0.9484
2024,Garrett Stover,S,Ohio State Buckeyes,0.9375
2024,Ian Moore,IOL,Ohio State Buckeyes,0.9291
2024,Payton Pierce,LB,Ohio State Buckeyes,0.9211
2024,Jaylen McClain,S,Ohio State Buckeyes,0.8988
2024,Deontae Armstrong,OT,Ohio State Buckeyes,0.8975
2024,Miles Lockhart,CB,Ohio State Buckeyes,0.8958
2024,Devontae Armstrong,OT,Ohio State Buckeyes,0.8925
2024,Sam Williams-Dixon,RB,Ohio State Buckeyes,0.8794
2024,Eric Mensah,Edge,Ohio State Buckeyes,0.8742
2024,David Stone,DL,Oklahoma Sooners,0.9952
2024,Zion Kearney,WR,Oklahoma Sooners,0.9548
2024,Eugene Brooks,IOL,Oklahoma Sooners,0.9523
2024,Danny Okoye,Edge,Oklahoma Sooners,0.9381
2024,Nigel Smith II,DL,Oklahoma Sooners,0.9373
2024,Davon Mitchell,TE,Oklahoma Sooners,0.9342
2024,Reggie Powers III,S,Oklahoma Sooners,0.9247
2024,Ivan Carreon,WR,Oklahoma Sooners,0.9131
2024,Jaydan Hardy,S,Oklahoma Sooners,0.9118
2024,Michael Hawkins Jr.,QB,Oklahoma Sooners,0.9073
2024,Jayden Jackson,DL,Oklahoma Sooners,0.9040
2024,James Nesta,LB,Oklahoma Sooners,0.8930
2024,Michael Boganowski,S,Oklahoma Sooners,0.8908
2024,Wyatt Gilmore,Edge,Oklahoma Sooners,0.8903
2024,Eli Bowen,CB,Oklahoma Sooners,0.8900
2024,Isaiah Autry-Dent,OT,Oklahoma Sooners,0.8836
2024,Daniel Akinkunmi,OT,Oklahoma Sooners,0.8794
2024,Xavier Robinson,RB,Oklahoma Sooners,0.8778
2024,Brendan Zurbrugg,QB,Oklahoma Sooners,0.8731
2024,Josh Aisosa,IOL,Oklahoma Sooners,0.8608
2024,Tre Griffiths,WR,Oklahoma State Cowboys,0.8869
2024,Maealiuaki Smith,QB,Oklahoma State Cowboys,0.8853
2024,Landyn Cleveland,S,Oklahoma State Cowboys,0.8811
2024,Willie Nelson,CB,Oklahoma State Cowboys,0.8719
2024,Temerrick Johnson,Edge,Oklahoma State Cowboys,0.8700
2024,David Kabongo,S,Oklahoma State Cowboys,0.8678
2024,Armstrong Nnodim,DL,Oklahoma State Cowboys,0.8614
2024,Josh Ford,TE,Oklahoma State Cowboys,0.8531
2024,Theo Bachelder,OT,Old Dominion Monarchs,NA
2024,Jerome Carter III,S,Old Dominion Monarchs,0.8083
2024,Joshua Schuetzmann,OT,Old Dominion Monarchs,0.8056
2024,Jahron Manning,S,Old Dominion Monarchs,0.7683
2024,Ny'Len Ramon Jones,LB,Old Dominion Monarchs,0.7633
2024,Kam Franklin,DL,Ole Miss Rebels,0.9602
2024,Jeffery Rush,DL,Ole Miss Rebels,0.9131
2024,Travaris Banks,CB,Ole Miss Rebels,0.9111
2024,Cedrick Beavers,CB,Ole Miss Rebels,0.9025
2024,AJ Maddox,QB,Ole Miss Rebels,0.9021
2024,Raymond Collins,LB,Ole Miss Rebels,0.8954
2024,Anthony Robinson III,ATH,Ole Miss Rebels,0.8853
2024,Cam Clark,TE,Ole Miss Rebels,0.8797
2024,Andy Jaffe,S,Ole Miss Rebels,0.8708
2024,Jude Foster,OT,Ole Miss Rebels,0.8681
2024,Dillon Hipp,TE,Ole Miss Rebels,0.8681
2024,Elijah Rushing,Edge,Oregon Ducks,0.9792
2024,Aydin Breland,DL,Oregon Ducks,0.9719
2024,Aaron Flowers,S,Oregon Ducks,0.9717
2024,Jeremiah McClellan,WR,Oregon Ducks,0.9687
2024,Dakoda Fields,CB,Oregon Ducks,0.9549
2024,Ryan Pellum,WR,Oregon Ducks,0.9368
2024,JacQawn McRoy,OT,Oregon Ducks,0.9335
2024,Jericho Johnson,DL,Oregon Ducks,0.9305
2024,Brayden Platt,LB,Oregon Ducks,0.9240
2024,Dillon Gresham,WR,Oregon Ducks,0.9226
2024,Kingston Lopa,LB,Oregon Ducks,0.9202
2024,Kamar Mothudi,LB,Oregon Ducks,0.9183
2024,Sione Laulea,CB,Oregon Ducks,0.9166
2024,Xadavien Sims,DL,Oregon Ducks,0.9141
2024,Jaxson Jones,Edge,Oregon Ducks,0.8961
2024,Tionne Gray,DL,Oregon Ducks,0.8948
2024,Roger Saleapaga,WR,Oregon Ducks,0.8917
2024,Luke Moga,QB,Oregon Ducks,0.8875
2024,A.J. Pugliano,TE,Oregon Ducks,0.8858
2024,Trent Ferguson,OT,Oregon Ducks,0.8686
2024,Jack Ressler,WR,Oregon Ducks,0.8558
2024,Aiden Sullivan,LB,Oregon State Beavers,NA
2024,Gyriece Goodman,LB,Oregon State Beavers,NA
2024,Jaheim Patterson,S,Oregon State Beavers,NA
2024,Jordan Anderson,WR,Oregon State Beavers,0.9125
2024,Exodus Ayers,CB,Oregon State Beavers,0.8725
2024,Amarion York,S,Oregon State Beavers,0.8494
2024,Cooper Cousins,IOL,Penn State Nittany Lions,0.9731
2024,Luke Reynolds,TE,Penn State Nittany Lions,0.9659
2024,Quinton Martin Jr.,RB,Penn State Nittany Lions,0.9550
2024,Ethan Grunkemeyer,QB,Penn State Nittany Lions,0.9505
2024,Liam Andrews,OT,Penn State Nittany Lions,0.9435
2024,Jon Mitchell,CB,Penn State Nittany Lions,0.9419
2024,Garrett Sexton,OT,Penn State Nittany Lions,0.9192
2024,Josiah Brown,WR,Penn State Nittany Lions,0.8998
2024,Vaboue Toure,S,Penn State Nittany Lions,0.8986
2024,Jaylen Harvey,Edge,Penn State Nittany Lions,0.8950
2024,Kari Jackson,LB,Penn State Nittany Lions,0.8848
2024,Eagan Boyer,OT,Penn State Nittany Lions,0.8836
2024,T.A. Cunningham,DL,Penn State Nittany Lions,0.8828
2024,Antoine Belgrave-Shorter,CB,Penn State Nittany Lions,0.8769
2024,Xavier Gilliam,Edge,Penn State Nittany Lions,0.8758
2024,De'Andre Cook,DL,Penn State Nittany Lions,0.8700
2024,Alex Jordan,Edge,Pennsylvania Quakers,NA
2024,Francis Brewu,DL,Pittsburgh Panthers,0.8900
2024,Sincere Edwards,DL,Pittsburgh Panthers,0.8842
2024,Jeremiah Marcelin,Edge,Pittsburgh Panthers,0.8786
2024,Moritz Schmoranzer,IOL,Pittsburgh Panthers,0.8714
2024,Juelz Goff,RB,Pittsburgh Panthers,0.8714
2024,Cameron Monteiro,WR,Pittsburgh Panthers,0.8706
2024,Julian Dugger,QB,Pittsburgh Panthers,0.8706
2024,Zach Crothers,Edge,Pittsburgh Panthers,0.8597
2024,Nigel Maynard,CB,Pittsburgh Panthers,0.8589
2024,Seth Lyon,TE,Portland State Vikings,NA
2024,Pule Leatigaga,IOL,Portland State Vikings,NA
2024,Jah-Jah Abdullah,ATH,Portland State Vikings,NA
2024,Andre Miller,CB,Portland State Vikings,NA
2024,Sonny Aina,DL,Portland State Vikings,NA
2024,Shaun Torgeson,OT,Portland State Vikings,NA
2024,Diontaye Moorman,WR,Portland State Vikings,NA
2024,Benjamin Stevens,WR,Portland State Vikings,NA
2024,DaMari Washington,CB,Portland State Vikings,NA
2024,Theo Thompson,ATH,Portland State Vikings,NA
2024,Tyrese Smith,QB,Portland State Vikings,NA
2024,Daulton Beard,WR,Portland State Vikings,NA
2024,Mylan Sockwell,IOL,Portland State Vikings,NA
2024,Tony Johnson,P,Portland State Vikings,NA
2024,Micah Avery,RB,Portland State Vikings,NA
2024,Cru Newman,QB,Portland State Vikings,NA
2024,Bryson Ross,CB,Portland State Vikings,NA
2024,Elyjah Gordon,S,Portland State Vikings,NA
2024,Brandon Bryant,LB,Portland State Vikings,NA
2024,Kenen Elder,WR,Portland State Vikings,NA
2024,Kiwan Sims,ATH,Portland State Vikings,0.8500
2024,TJ Ford,DL,Portland State Vikings,0.8478
2024,Andre Skelton,RB,Portland State Vikings,0.8150
2024,Ryan Hall,RB,Prairie View A&M Panthers,NA
2024,Xyler Myles,IOL,Prairie View A&M Panthers,NA
2024,Deuce Barrington,QB,Prairie View A&M Panthers,NA
2024,Casey Etienne Jr.,S,Princeton Tigers,0.8672
2024,Marcos Davila,QB,Purdue Boilermakers,0.8958
2024,Tayvion Galloway,TE,Purdue Boilermakers,0.8942
2024,D'Mon Marable,S,Purdue Boilermakers,0.8789
2024,Tra'Mar Harris,ATH,Purdue Boilermakers,0.8786
2024,Jaheim Merriweather,ATH,Purdue Boilermakers,0.8747
2024,Smiley Bradford,S,Purdue Boilermakers,0.8744
2024,Jaden Ball,IOL,Purdue Boilermakers,0.8673
2024,Demeco Kennedy,ATH,Purdue Boilermakers,0.8658
2024,Jesse Watson,WR,Purdue Boilermakers,0.8597
2024,Jaekwon Bouldin,OT,Purdue Boilermakers,0.8544
2024,DJ Allen,Edge,Purdue Boilermakers,0.8522
2024,Rod Green,IOL,Purdue Boilermakers,0.8483
2024,John Randle Jr.,IOL,Purdue Boilermakers,0.8483
2024,Damon Mcmillian,IOL,Rhode Island Rams,NA
2024,Ja'maree Thomas,S,Rhode Island Rams,NA
2024,Terrell Spruill,DL,Rhode Island Rams,0.8478
2024,Blaise Tita,LB,Rice Owls,NA
2024,Amir Haskett,ATH,Richmond Spiders,NA
2024,Cam Boone,CB,Robert Morris Colonials,NA
2024,Korey Duff Jr.,TE,Rutgers Scarlet Knights,0.9073
2024,Antonio White,WR,Rutgers Scarlet Knights,0.8993
2024,AJ Surace,QB,Rutgers Scarlet Knights,0.8949
2024,Kaj Sanders,ATH,Rutgers Scarlet Knights,0.8933
2024,Gabriel Winowich,ATH,Rutgers Scarlet Knights,0.8877
2024,Kevin Levy,ATH,Rutgers Scarlet Knights,0.8835
2024,Aaris Bethea,DL,Rutgers Scarlet Knights,0.8689
2024,Dahkari Gilley,S,Rutgers Scarlet Knights,0.8678
2024,Matthew Ogunniyi,WR,Rutgers Scarlet Knights,0.8675
2024,Isaiah Crumpler,WR,Rutgers Scarlet Knights,0.8642
2024,Montele Johnson,LB,Rutgers Scarlet Knights,0.8622
2024,Ben Black,WR,Rutgers Scarlet Knights,0.8608
2024,Edd Guerrier,RB,Rutgers Scarlet Knights,0.8572
2024,Sam Pilof,LB,Rutgers Scarlet Knights,0.8558
2024,Raynor Andrews,OT,Rutgers Scarlet Knights,0.8547
2024,Monte Keener,TE,Rutgers Scarlet Knights,0.8525
2024,Carter Kadow,OT,Rutgers Scarlet Knights,0.8486
2024,Derrick McFall,RB,SMU Mustangs,0.8919
2024,Brandon Booker,LB,SMU Mustangs,0.8706
2024,Tyler Aronson,QB,SMU Mustangs,0.8658
2024,Zach Smith,LB,SMU Mustangs,0.8517
2024,Tommy Poe,WR,Sacramento State Hornets,NA
2024,Adam Taylor,ATH,Sacramento State Hornets,NA
2024,Luke Baker,QB,Sacramento State Hornets,NA
2024,Phoenix Rose,CB,Sacramento State Hornets,0.8478
2024,Jaythn Long,WR,Sacramento State Hornets,0.8478
2024,James Tivao,LB,Sacramento State Hornets,0.8411
2024,Jayland McGlothen,DL,Sacramento State Hornets,0.8237
2024,Kai Hamilton,WR,Sacramento State Hornets,0.7994
2024,Tareq Council,CB,Sacred Heart Pioneers,0.8367
2024,Corey Williams,S,Saint Francis (PA) Red Flash,NA
2024,Hunter Watson,QB,Sam Houston State Bearkats,NA
2024,Michael Phoenix II,WR,Sam Houston State Bearkats,0.8242
2024,Josiah Stephens,DL,Sam Houston State Bearkats,0.8156
2024,Jalik Yancey,CB,Samford Bulldogs,NA
2024,Haden Klees,QB,Samford Bulldogs,NA
2024,Saipale Fuimaono,IOL,San Diego State Aztecs,NA
2024,Gabe Garretson,TE,San Diego State Aztecs,NA
2024,Danny O'Neil,QB,San Diego State Aztecs,0.8786
2024,Isaiah Buxton,CB,San Diego State Aztecs,0.8744
2024,Anthony McMillan,RB,San Diego State Aztecs,0.8633
2024,Tayten Beyer,CB,San Diego State Aztecs,0.8428
2024,Niguse Shelp,CB,San Diego Toreros,NA
2024,Dorian Hale,QB,San Jose State Spartans,NA
2024,Jacob Stewart,TE,San Jose State Spartans,0.8292
2024,Pau Reed,Edge,San Jose State Spartans,0.8156
2024,Soane Kolokihakaufisi,DL,San Jose State Spartans,0.8089
2024,Malakai Hoeft,S,San Jose State Spartans,0.7683
2024,Jared Hollins,QB,South Alabama Jaguars,0.8600
2024,Achilles Woods,Edge,South Alabama Jaguars,0.8444
2024,Jalyn Durgan,Edge,South Alabama Jaguars,0.8403
2024,Nathan Jennings,DL,South Alabama Jaguars,0.8308
2024,Jordan Scruggs,CB,South Alabama Jaguars,0.8130
2024,Dylan Stewart,Edge,South Carolina Gamecocks,0.9939
2024,Josiah Thompson,OT,South Carolina Gamecocks,0.9839
2024,Wendell Gregory,LB,South Carolina Gamecocks,0.9263
2024,Kam Pringle,OT,South Carolina Gamecocks,0.9262
2024,Fred Johnson,LB,South Carolina Gamecocks,0.9158
2024,Mazeo Bennett,WR,South Carolina Gamecocks,0.9102
2024,Kelvin Hunter,S,South Carolina Gamecocks,0.8996
2024,Blake Franks,IOL,South Carolina Gamecocks,0.8883
2024,Dante Reno,QB,South Carolina Gamecocks,0.8875
2024,Debron Gatling,WR,South Carolina Gamecocks,0.8858
2024,David Bucey,S,South Carolina Gamecocks,0.8600
2024,Mason Love,P,South Carolina Gamecocks,0.8150
2024,Zai Offord,ATH,South Carolina State Bulldogs,NA
2024,Evan Adams,DL,South Dakota Coyotes,NA
2024,Mason Cowgill,TE,South Dakota Coyotes,NA
2024,Sam Hawker,OT,South Dakota Coyotes,NA
2024,Jaheim Williams,ATH,South Dakota Coyotes,NA
2024,Nicholas Mayfield,QB,South Dakota Coyotes,NA
2024,Jacob Arop,OT,South Dakota Coyotes,0.8800
2024,Maxwell Woods,RB,South Dakota State Jackrabbits,NA
2024,Quin Renfro,RB,South Dakota State Jackrabbits,NA
2024,Hayden Venenga,OT,South Dakota State Jackrabbits,NA
2024,Anthony Palano,LB,South Dakota State Jackrabbits,NA
2024,Carsten Reynolds,ATH,South Dakota State Jackrabbits,NA
2024,Jack Nash,ATH,South Dakota State Jackrabbits,NA
2024,Sammy Dresie,WR,South Dakota State Jackrabbits,NA
2024,Thomas Martian,IOL,South Dakota State Jackrabbits,NA
2024,Beau Baker,TE,South Dakota State Jackrabbits,NA
2024,Kyan Rauk,OT,South Dakota State Jackrabbits,NA
2024,Bennet Lihs,DL,South Dakota State Jackrabbits,NA
2024,Trey Ridley,S,South Dakota State Jackrabbits,0.8444
2024,Jonathan Echols,TE,South Florida Bulls,0.9101
2024,Dinellson Exume,DL,South Florida Bulls,0.8753
2024,Zavier Hamilton,LB,South Florida Bulls,0.8750
2024,Rodney Hill,LB,South Florida Bulls,0.8747
2024,Brandon Winton,WR,South Florida Bulls,0.8681
2024,Chenellson Exume,DL,South Florida Bulls,0.8531
2024,Alvon Isaac,ATH,South Florida Bulls,0.8500
2024,Ashton Mosley,Edge,South Florida Bulls,0.8475
2024,Marcelis Tate,QB,South Florida Bulls,0.8469
2024,Jaylen Pettus,Edge,South Florida Bulls,0.8383
2024,Joshua Porter,WR,South Florida Bulls,0.8344
2024,Nico Gramatica,K,South Florida Bulls,0.8169
2024,Ashton Jones,DL,Southeast Missouri State Redhawks,NA
2024,Brandon Mason,OT,Southeast Missouri State Redhawks,NA
2024,Zane Coon,IOL,Southeast Missouri State Redhawks,NA
2024,McCoy Casey,Edge,Southeast Missouri State Redhawks,NA
2024,Kyle Cannon,LB,Southeastern Louisiana Lions,NA
2024,Isaiah Hayes,OT,Southeastern Louisiana Lions,NA
2024,Tre Brown,S,Southeastern Louisiana Lions,0.8350
2024,James Harris,DL,Southeastern Louisiana Lions,0.8350
2024,Jason Gabriel Jr.,RB,Southern Jaguars,NA
2024,Jerrod Hicks,RB,Southern Jaguars,NA
2024,Barry Remo,RB,Southern Jaguars,NA
2024,Caleb Moore,DL,Southern Miss Golden Eagles,0.8656
2024,John White,QB,Southern Miss Golden Eagles,0.8472
2024,Damion Miller,S,Southern Miss Golden Eagles,0.8470
2024,Dakota Thomas,WR,Southern Miss Golden Eagles,0.8467
2024,Greg Nunnery,OT,Southern Miss Golden Eagles,0.8444
2024,Jalen Washington,RB,Southern Miss Golden Eagles,0.8433
2024,Zay Lowery,DL,Southern Miss Golden Eagles,0.8361
2024,Jalen Owens,DL,Southern Miss Golden Eagles,0.8319
2024,Jordan Johnson,S,Southern Miss Golden Eagles,0.8317
2024,Keyshawn Buckley,WR,Southern Miss Golden Eagles,0.8244
2024,Hastings Carruth,OT,Southern Miss Golden Eagles,0.8119
2024,Jameer Lewis,Edge,Southern Miss Golden Eagles,0.8083
2024,Bart Edmiston Jr.,P,Southern Miss Golden Eagles,0.8004
2024,Terron Bedford,TE,Southern Miss Golden Eagles,0.7944
2024,Benedict Umeh,DL,Stanford Cardinal,0.9334
2024,Elijah Brown,QB,Stanford Cardinal,0.9134
2024,Dylan Stephenson,Edge,Stanford Cardinal,0.9004
2024,Emmett Mosley V,ATH,Stanford Cardinal,0.8883
2024,Sam Mattingly,LB,Stanford Cardinal,0.8664
2024,Cam Richardson,S,Stanford Cardinal,0.8547
2024,Cannon Lemberg,ATH,Stephen F. Austin Lumberjacks,NA
2024,Nicholas Perez,DL,Stephen F. Austin Lumberjacks,NA
2024,Cameron Kelley,WR,Stephen F. Austin Lumberjacks,NA
2024,Clayton Wayland,WR,Stephen F. Austin Lumberjacks,NA
2024,Jake Gillespie,S,Stephen F. Austin Lumberjacks,NA
2024,Trevanti Davis,IOL,Stephen F. Austin Lumberjacks,NA
2024,Lowote Jurkin,Edge,Stephen F. Austin Lumberjacks,NA
2024,Ta'Erik Tate,WR,Stephen F. Austin Lumberjacks,NA
2024,Kavon Baptiste,CB,Stephen F. Austin Lumberjacks,NA
2024,Favour Awodoyin,Edge,Stephen F. Austin Lumberjacks,0.8728
2024,Tre Bates,DL,Stephen F. Austin Lumberjacks,0.8400
2024,Cameron Lewis,IOL,Stephen F. Austin Lumberjacks,0.8100
2024,Gunner Chenier,QB,Stetson Hatters,NA
2024,Sam Cooper,ATH,Stony Brook Seawolves,0.8511
2024,Luca Gemma,LB,Stony Brook Seawolves,0.8300
2024,Malachi Marshall,QB,Stony Brook Seawolves,0.8106
2024,Marcellus Barnes Jr.,CB,Syracuse Orange,0.9050
2024,KingJoseph Edwards,Edge,Syracuse Orange,0.8940
2024,Yasin Willis,RB,Syracuse Orange,0.8872
2024,Michael Nwokocha,DL,Syracuse Orange,0.8808
2024,Caden Brown,Edge,Syracuse Orange,0.8772
2024,Jaden Hart,RB,Syracuse Orange,0.8689
2024,Ta'Ron Haile,WR,Syracuse Orange,0.8689
2024,Jahide Lesaine Jr.,TE,Syracuse Orange,0.8600
2024,Maraad Watson,DL,Syracuse Orange,0.8600
2024,Noah Rosahac,IOL,Syracuse Orange,0.8581
2024,Braheem Long Jr.,CB,Syracuse Orange,0.8417
2024,Hauss Hejny,QB,TCU Horned Frogs,0.9076
2024,Travis Jackson,Edge,TCU Horned Frogs,0.8933
2024,Nate Palmer,RB,TCU Horned Frogs,0.8878
2024,Dozie Ezukanma,WR,TCU Horned Frogs,0.8811
2024,Mitch Hodnett,OT,TCU Horned Frogs,0.8681
2024,Tristan Johnson,DL,TCU Horned Frogs,0.8492
2024,Ethan Craw,P,TCU Horned Frogs,0.7889
2024,Eric Stuart,LB,Temple Owls,NA
2024,Tyler Lepolo,LB,Temple Owls,NA
2024,Sekou Kromah,DL,Temple Owls,0.8356
2024,Daniel Evert,TE,Temple Owls,0.8304
2024,Tyrei Washington,RB,Temple Owls,0.8156
2024,Katin Surprenant,LB,Temple Owls,0.8006
2024,Linus Lindberg,OT,Temple Owls,0.7956
2024,Mausa Palu,IOL,Temple Owls,0.7844
2024,Ace Meadows,OT,Tennessee State Tigers,NA
2024,Jeremiah Reed,WR,Tennessee State Tigers,NA
2024,Marlon Huff,LB,Tennessee State Tigers,NA
2024,Jay Stevenson,RB,Tennessee State Tigers,NA
2024,Jayden Coleman,CB,Tennessee State Tigers,0.8631
2024,Tyler Moore,DL,Tennessee State Tigers,0.8300
2024,Mike Matthews,WR,Tennessee Volunteers,0.9882
2024,Braylon Staley,WR,Tennessee Volunteers,0.9501
2024,Boo Carter,S,Tennessee Volunteers,0.9409
2024,Peyton Lewis,RB,Tennessee Volunteers,0.9397
2024,Kaleb Beasley,CB,Tennessee Volunteers,0.9307
2024,Jake Merklinger,QB,Tennessee Volunteers,0.9307
2024,William Satterwhite,IOL,Tennessee Volunteers,0.9188
2024,Max Anderson,OT,Tennessee Volunteers,0.9087
2024,Kellen Lindstrom,DL,Tennessee Volunteers,0.9022
2024,Edwin Spillman,LB,Tennessee Volunteers,0.9000
2024,Marcus Goree Jr.,ATH,Tennessee Volunteers,0.8861
2024,Edrees Farooq,S,Tennessee Volunteers,0.8833
2024,Gage Ginther,IOL,Tennessee Volunteers,0.8817
2024,Jesse Perry,OT,Tennessee Volunteers,0.8739
2024,Blake Ivy,OT,Texas A&M Aggies,0.9370
2024,Solomon Williams,Edge,Texas A&M Aggies,0.9180
2024,Jordan Pride,S,Texas A&M Aggies,0.9168
2024,Ashton Funk,OT,Texas A&M Aggies,0.9116
2024,Myles Davis,S,Texas A&M Aggies,0.9067
2024,Izaiah Williams,WR,Texas A&M Aggies,0.9054
2024,Jordan Lockhart,LB,Texas A&M Aggies,0.8990
2024,Kendall Jackson,DL,Texas A&M Aggies,0.8942
2024,Tristan Jernigan,LB,Texas A&M Aggies,0.8886
2024,Colin Simmons,LB,Texas Longhorns,0.9932
2024,Brandon Baker,OT,Texas Longhorns,0.9850
2024,Kobe Black,CB,Texas Longhorns,0.9841
2024,Xavier Filsaime,S,Texas Longhorns,0.9835
2024,Ryan Wingo,WR,Texas Longhorns,0.9819
2024,Jerrick Gibson,RB,Texas Longhorns,0.9475
2024,Aaron Butler,WR,Texas Longhorns,0.9390
2024,Wardell Mack,ATH,Texas Longhorns,0.9355
2024,Zina Umeozulu,Edge,Texas Longhorns,0.9295
2024,Jordon Johnson-Rubell,CB,Texas Longhorns,0.9203
2024,Parker Livingstone,WR,Texas Longhorns,0.9101
2024,Trey Owens,QB,Texas Longhorns,0.9069
2024,Daniel Cruz,IOL,Texas Longhorns,0.9054
2024,Freddie Dubose,WR,Texas Longhorns,0.9038
2024,Jordan Washington,TE,Texas Longhorns,0.9036
2024,Christian Clark,RB,Texas Longhorns,0.9019
2024,Ty'Anthony Smith,LB,Texas Longhorns,0.9007
2024,Alex January,DL,Texas Longhorns,0.8886
2024,Tyler Wesley,Edge,Texas Southern Tigers,NA
2024,Kylen Evans,WR,Texas State Bobcats,0.8672
2024,Issiah Walker Jr.,OT,Texas State Bobcats,0.8650
2024,Brad Jackson,QB,Texas State Bobcats,0.8196
2024,Kameron Pearson,CB,Texas State Bobcats,0.7906
2024,Ryan Nolan,S,Texas State Bobcats,0.7894
2024,Jordan Smith,LB,Texas State Bobcats,0.7683
2024,Micah Hudson,WR,Texas Tech Red Raiders,0.9934
2024,Will Hammond,QB,Texas Tech Red Raiders,0.9174
2024,Cameron Dickey,S,Texas Tech Red Raiders,0.8838
2024,Maurice Rodrigues,OT,Texas Tech Red Raiders,0.8778
2024,Isaiah Collins,CB,Texas Tech Red Raiders,0.8658
2024,L.J. Johnson Jr.,WR,Texas Tech Red Raiders,0.8625
2024,Brady Pickett,IOL,The Citadel Bulldogs,NA
2024,HJ Grigsby,RB,The Citadel Bulldogs,NA
2024,Zy'marion Lang,WR,Toledo Rockets,0.8786
2024,Tashi Braceful,WR,Toledo Rockets,0.8714
2024,Tre Richardson,WR,Toledo Rockets,0.8692
2024,Kvon Sherman,LB,Toledo Rockets,0.8589
2024,Hyajah Miller,CB,Toledo Rockets,0.8511
2024,Tysen Smith,TE,Toledo Rockets,0.8489
2024,Matt Hofer,OT,Toledo Rockets,0.8419
2024,Maddox Marcotte,IOL,Toledo Rockets,0.8089
2024,Dylan Mann,DL,Troy Trojans,NA
2024,CK Kaba,DL,Troy Trojans,NA
2024,Semaj James,CB,Troy Trojans,NA
2024,Zeriah Beason,WR,Troy Trojans,0.8408
2024,Rondell Carter,CB,Troy Trojans,0.8219
2024,Kevin Beckham,WR,Troy Trojans,0.8189
2024,Trae Swartz,TE,Troy Trojans,0.8163
2024,Zerian Hudson,IOL,Troy Trojans,0.8022
2024,Ky McNulty,ATH,Troy Trojans,0.7983
2024,Zak Bowden,IOL,Troy Trojans,0.7733
2024,Jayden Lewis,CB,Tulane Green Wave,0.8919
2024,Dominic Steward,OT,Tulane Green Wave,0.8611
2024,Guiseann Mirtil,ATH,Tulane Green Wave,0.8536
2024,Shaun Nicholas,WR,Tulane Green Wave,0.8330
2024,DK McGruder,CB,Tulane Green Wave,0.8306
2024,RJ Whitehead,IOL,Tulane Green Wave,0.7733
2024,Issac Covington,S,Tulsa Golden Hurricane,NA
2024,Parker Stone,LS,Tulsa Golden Hurricane,NA
2024,Joshua Smith,WR,Tulsa Golden Hurricane,0.8733
2024,Alex Green,WR,Tulsa Golden Hurricane,0.8719
2024,Timothy Carpenter,QB,Tulsa Golden Hurricane,0.8700
2024,Corey Smith,WR,Tulsa Golden Hurricane,0.8697
2024,Elijah Green,ATH,Tulsa Golden Hurricane,0.8689
2024,Jacob Emmers,WR,Tulsa Golden Hurricane,0.8667
2024,Will Smith,Edge,Tulsa Golden Hurricane,0.8656
2024,Jaxon Lee,Edge,Tulsa Golden Hurricane,0.8633
2024,Zachaun Williams,CB,Tulsa Golden Hurricane,0.8614
2024,DeDaunte Scott,CB,Tulsa Golden Hurricane,0.8594
2024,Jackson Ford,TE,Tulsa Golden Hurricane,0.8589
2024,Joseph Williams,WR,Tulsa Golden Hurricane,0.8561
2024,Aquavious Dunbar,LB,Tulsa Golden Hurricane,0.8547
2024,Jewlyen Roberts,TE,Tulsa Golden Hurricane,0.8542
2024,Lloyd Avant,RB,Tulsa Golden Hurricane,0.8536
2024,Viron Ellison,RB,Tulsa Golden Hurricane,0.8522
2024,Mason Fleming,DL,Tulsa Golden Hurricane,0.8508
2024,Ashton Williams,S,Tulsa Golden Hurricane,0.8489
2024,Dax Collins,ATH,Tulsa Golden Hurricane,0.8433
2024,Jack Tanner,IOL,Tulsa Golden Hurricane,0.8419
2024,Will Upshaw,DL,Tulsa Golden Hurricane,0.8411
2024,Daedrion Garrett,S,Tulsa Golden Hurricane,0.8400
2024,Brody Duffel,OT,Tulsa Golden Hurricane,0.8381
2024,Ross Johnston,OT,Tulsa Golden Hurricane,0.8378
2024,Maruio White,Edge,Tulsa Golden Hurricane,0.8296
2024,Colten Christian,IOL,Tulsa Golden Hurricane,0.8270
2024,Joe Hjelle,DL,Tulsa Golden Hurricane,0.7956
2024,Barry Walker,OT,UAB Blazers,0.8694
2024,Adrian Posse,QB,UAB Blazers,0.8556
2024,Kade Martin,IOL,UAB Blazers,0.8411
2024,Kyle Mosley,DL,UAB Blazers,0.8167
2024,Myles Cook,Edge,UAB Blazers,0.8089
2024,Tylan McNichols,S,UAB Blazers,0.8083
2024,Isaiah Sanders,Edge,UC Davis Aggies,NA
2024,Rayne Mayo,IOL,UC Davis Aggies,NA
2024,Cole Owens,ATH,UC Davis Aggies,NA
2024,Jackson Sievers,LB,UC Davis Aggies,NA
2024,Jezniah Thurston,OT,UC Davis Aggies,NA
2024,Stacy Dobbins,WR,UC Davis Aggies,NA
2024,Jalen Harris,ATH,UC Davis Aggies,0.8417
2024,Damon Wrighster,QB,UC Davis Aggies,0.8317
2024,Kylan Fox,WR,UCF Knights,0.9069
2024,Bredell Richardson,WR,UCF Knights,0.8991
2024,Waltclaire Flynn Jr.,IOL,UCF Knights,0.8977
2024,Jakob Gude,S,UCF Knights,0.8942
2024,Christian Peterson,S,UCF Knights,0.8819
2024,Marcus Downs,DL,UCF Knights,0.8811
2024,Riley Trujillo,QB,UCF Knights,0.8736
2024,Kason Stokes,WR,UCF Knights,0.8700
2024,Derrick McCormick,LB,UCF Knights,0.8689
2024,Chasen Johnson,CB,UCF Knights,0.8622
2024,Jordyn Bridgewater,WR,UCF Knights,0.8575
2024,Kwazi Gilmer,WR,UCLA Bruins,0.9150
2024,Mark Schroller,OT,UCLA Bruins,0.9014
2024,Cameron Jones,RB,UCLA Bruins,0.8896
2024,Jamir Benjamin,CB,UCLA Bruins,0.8869
2024,Marquise Thorpe-Taylor,OT,UCLA Bruins,0.8853
2024,Isaiah Patterson,LB,UCLA Bruins,0.8769
2024,Khristian Dunbar-Hawkins,CB,UCLA Bruins,0.8758
2024,Jensen Somerville,OT,UCLA Bruins,0.8708
2024,Karson Gordon,QB,UCLA Bruins,0.8650
2024,Henry Hasselbeck,QB,UCLA Bruins,0.8583
2024,AJ Hairston,QB,UMass Minutemen,0.8269
2024,Ludovic Martin,TE,UMass Minutemen,0.8264
2024,Noah Staples,TE,UMass Minutemen,0.8170
2024,Elijah Wilson,S,UNLV Rebels,NA
2024,Koi Pa'ao'ao,LB,UNLV Rebels,0.8575
2024,Tre Fulton,S,UNLV Rebels,0.8428
2024,Gael Ochoa,QB,UNLV Rebels,0.8386
2024,Max Mogelson,DL,UNLV Rebels,0.8367
2024,Greg Burrell,RB,UNLV Rebels,0.8314
2024,Jae Beasley II,TE,UNLV Rebels,0.8286
2024,Kela Moore,S,UNLV Rebels,0.8222
2024,Caden Chittenden,K,UNLV Rebels,0.8044
2024,Kameryn Fountain,Edge,USC Trojans,0.9687
2024,Xavier Jordan,WR,USC Trojans,0.9573
2024,Jason Zandamela,IOL,USC Trojans,0.9433
2024,Marcelles Williams,CB,USC Trojans,0.9358
2024,Elijah Newby,LB,USC Trojans,0.9248
2024,Joey Olsen,TE,USC Trojans,0.9085
2024,Jide Abasiri,DL,USC Trojans,0.9004
2024,Marquis Gallegos,S,USC Trojans,0.8985
2024,Desman Stephens II,ATH,USC Trojans,0.8975
2024,Jarvis Boatwright Jr.,S,USC Trojans,0.8867
2024,Justin Tauanuu,IOL,USC Trojans,0.8867
2024,Bryan Jackson,RB,USC Trojans,0.8803
2024,Kalolo Ta'aga,OT,USC Trojans,0.8731
2024,Lorenzo Cowan,Edge,USC Trojans,0.8706
2024,Marcus Torres,WR,UTEP Miners,NA
2024,Martavious Collins,ATH,UTEP Miners,0.8694
2024,Michael Ray Jr.,S,UTEP Miners,0.8204
2024,Trace Meadows,S,UTEP Miners,0.8144
2024,JP Pickles,QB,UTEP Miners,0.8044
2024,Jake Riggs,IOL,UTEP Miners,0.7933
2024,Caile Hogan,P,UTSA Roadrunners,NA
2024,Jonah Miller,IOL,UTSA Roadrunners,0.8888
2024,Briley Brown,IOL,UTSA Roadrunners,0.8583
2024,Courage Ugo,CB,Utah State Aggies,NA
2024,Marlin Dean,DL,Utah State Aggies,0.8940
2024,Carl Nesmith,Edge,Utah State Aggies,0.8204
2024,Terrell Taylor,S,Utah State Aggies,0.8163
2024,EJ Fisk,CB,Utah State Aggies,0.8161
2024,Robert Freeman IV,WR,Utah State Aggies,0.8156
2024,Mason Edwards,S,Utah State Aggies,0.7989
2024,Isaiah Garcia,OT,Utah Utes,0.9105
2024,Isaac Wilson,QB,Utah Utes,0.9091
2024,Hunter Andrews,ATH,Utah Utes,0.8828
2024,David Washington,WR,Utah Utes,0.8792
2024,Jeilani Davis,S,Utah Utes,0.8786
2024,Kana'i Lopes,LB,Utah Utes,0.8678
2024,Shaun Ukeje,S,Valparaiso Beacons,NA
2024,TJ Caldwell,WR,Valparaiso Beacons,NA
2024,Luke Scoma,K,Valparaiso Beacons,NA
2024,Cole Muilenburg,TE,Valparaiso Beacons,NA
2024,Dontae Carter,S,Vanderbilt Commodores,0.9292
2024,Mason Carter,Edge,Vanderbilt Commodores,0.8672
2024,Simeon Boulware,DL,Vanderbilt Commodores,0.8650
2024,Callahan Blair,Edge,Vanderbilt Commodores,0.8572
2024,Alvin Williamson Jr.,CB,Vanderbilt Commodores,0.8533
2024,Tyler Fortenberry,TE,Vanderbilt Commodores,0.8311
2024,David Avit,RB,Villanova Wildcats,NA
2024,David Avit,RB,Villanova Wildcats,NA
2024,Zahmir Dawud,S,Villanova Wildcats,NA
2024,Kenyon Miles,WR,Villanova Wildcats,NA
2024,Dylan Mills,QB,Villanova Wildcats,0.8250
2024,Chase Morrison,Edge,Virginia Cavaliers,0.8669
2024,Jewett Hayes,Edge,Virginia Cavaliers,0.8642
2024,Grant Ellinger,IOL,Virginia Cavaliers,0.8608
2024,Keke Adams,S,Virginia Cavaliers,0.8592
2024,Kameron Courtney,ATH,Virginia Cavaliers,0.8592
2024,Myles Brown,LB,Virginia Cavaliers,0.8525
2024,Ethan Minter,ATH,Virginia Cavaliers,0.8408
2024,Keylen Adams,WR,Virginia Tech Hokies,0.9178
2024,Gabe Williams,LB,Virginia Tech Hokies,0.9062
2024,Chanz Wiggins,WR,Virginia Tech Hokies,0.8950
2024,Quentin Reddish,S,Virginia Tech Hokies,0.8933
2024,Gerard Johnson III,Edge,Virginia Tech Hokies,0.8895
2024,Kemari Copeland,DL,Virginia Tech Hokies,0.8892
2024,Tyler Mason,RB,Virginia Tech Hokies,0.8811
2024,Joshua Clarke,CB,Virginia Tech Hokies,0.8731
2024,Deric Dandy,Edge,Virginia Tech Hokies,0.8625
2024,Andrew Hanchuk,DL,Virginia Tech Hokies,0.8575
2024,Jack Stevens,QB,Wagner Seahawks,NA
2024,Devan Taylor,IOL,Wagner Seahawks,NA
2024,Peyton Waters,ATH,Washington Huskies,0.9162
2024,Dermaricus Davis,QB,Washington Huskies,0.9092
2024,Paki Finau,OT,Washington Huskies,0.9086
2024,Khmori House,LB,Washington Huskies,0.8833
2024,Hunter Najm,QB,Washington State Cougars,NA
2024,Josh Joyner,RB,Washington State Cougars,0.8697
2024,Evans Chuba,QB,Washington State Cougars,0.8614
2024,Kenny Worthy III,CB,Washington State Cougars,0.8517
2024,Tony Freeman,WR,Washington State Cougars,0.8517
2024,Frank Cusano,LB,Washington State Cougars,0.8503
2024,Wayshawn Parker,RB,Washington State Cougars,0.8467
2024,AJ Hasson,IOL,Washington State Cougars,0.8403
2024,Jaylon Edmond,ATH,Washington State Cougars,0.8353
2024,Semisi Kinikini,RB,Weber State Wildcats,NA
2024,Zavien Abercrombie,CB,Weber State Wildcats,NA
2024,Frankie Edwards,CB,Weber State Wildcats,NA
2024,Mason York,WR,Weber State Wildcats,NA
2024,Tamal Johnson,S,Weber State Wildcats,NA
2024,Chauncey Sylvester,RB,Weber State Wildcats,0.8444
2024,Obinna Onwuka,Edge,West Virginia Mountaineers,0.8794
2024,Israel Boyce,CB,West Virginia Mountaineers,0.8678
2024,Zae Jennings,ATH,West Virginia Mountaineers,0.8631
2024,Nate Gabriel,DL,West Virginia Mountaineers,0.8581
2024,Elijah Kinsler,Edge,West Virginia Mountaineers,0.8558
2024,Jack Sammarco,TE,West Virginia Mountaineers,0.8531
2024,Adrian Stone,DL,Western Carolina Catamounts,NA
2024,Edwin Moore Jr.,DL,Western Carolina Catamounts,0.8550
2024,Holden Grieger,OT,Western Illinois Leathernecks,NA
2024,Jaymar Mundy,CB,Western Kentucky Hilltoppers,NA
2024,Damari Jefferson,WR,Western Kentucky Hilltoppers,NA
2024,Harper Holloman,DL,Western Kentucky Hilltoppers,0.8483
2024,Tucker Parks,QB,Western Kentucky Hilltoppers,0.8404
2024,Tate Titshaw,RB,Western Kentucky Hilltoppers,0.8400
2024,Melvin Collins Jr.,IOL,Western Kentucky Hilltoppers,0.8163
2024,Rodney Newsom Jr.,IOL,Western Kentucky Hilltoppers,0.7783
2024,JD Davis II,QB,Western Michigan Broncos,0.8426
2024,Isaiah Paul,CB,Western Michigan Broncos,0.7733
2024,Langston White,LB,William & Mary Tribe,NA
2024,Kevin Heywood,OT,Wisconsin Badgers,0.9558
2024,Ernest Willor Jr.,DL,Wisconsin Badgers,0.9283
2024,Grant Stec,TE,Wisconsin Badgers,0.9076
2024,Mabrey Mettauer,QB,Wisconsin Badgers,0.8911
2024,Thomas Heiberger,LB,Wisconsin Badgers,0.8911
2024,Anelu Lafaele,Edge,Wisconsin Badgers,0.8828
2024,Rob Booker II,TE,Wisconsin Badgers,0.8794
2024,Colin Cubberly,OT,Wisconsin Badgers,0.8794
2024,Landon Gauthier,LB,Wisconsin Badgers,0.8761
2024,Kyan Berry-Johnson,WR,Wisconsin Badgers,0.8750
2024,Ramon McCollough Jr.,DL,Wofford Terriers,NA
2024,Ivory Aikens,WR,Wofford Terriers,0.8106
2024,Chris Durr Jr.,WR,Wyoming Cowboys,0.8267
2024,Alex Conn,OT,Wyoming Cowboys,0.8250
2024,Adrian Onyiego,Edge,Wyoming Cowboys,0.8204
2024,Dillon Rickenbacker,S,Yale Bulldogs,NA
2024,Solomon Farrell,ATH,Youngstown State Penguins,NA
